date,actual_mean_temp,actual_min_temp,actual_max_temp,average_min_temp,average_max_temp,record_min_temp,record_max_temp,record_min_temp_year,record_max_temp_year,actual_precipitation,average_precipitation,record_precipitation,city
7/1/2014,81,70,91,67,89,56,104,1919,2012,0,0.1,5.91,CLT
7/2/2014,85,74,95,68,89,56,101,2008,1931,0,0.1,1.53,CLT
7/3/2014,82,71,93,68,89,56,99,2010,1931,0.14,0.11,2.5,CLT
7/4/2014,75,64,86,68,89,55,99,1933,1955,0,0.1,2.63,CLT
7/5/2014,72,60,84,68,89,57,100,1967,1954,0,0.1,1.65,CLT
7/6/2014,74,61,87,68,89,57,99,1964,1948,0,0.1,1.95,CLT
7/7/2014,79,67,91,68,89,55,100,1972,1954,0,0.11,2.37,CLT
7/8/2014,83,72,94,68,89,58,101,1892,2010,0,0.11,1.87,CLT
7/9/2014,80,71,89,68,89,57,101,1891,1986,0.15,0.12,3.71,CLT
7/10/2014,78,71,85,68,89,53,101,1961,1926,0,0.11,2.45,CLT
7/11/2014,78,68,87,68,89,55,100,1961,1986,0,0.12,3.1,CLT
7/12/2014,79,67,91,68,89,59,102,1953,1930,0,0.11,1.95,CLT
7/13/2014,81,69,92,68,89,56,100,1918,1986,0,0.12,2.09,CLT
7/14/2014,85,74,96,68,89,59,102,2007,1954,0,0.12,2.15,CLT
7/15/2014,81,67,94,68,89,58,100,2001,1893,0.87,0.12,4.61,CLT
7/16/2014,76,66,85,68,89,58,100,2001,1887,0,0.12,1.47,CLT
7/17/2014,74,63,84,68,89,62,100,1886,1986,0,0.12,4.14,CLT
7/18/2014,77,70,83,68,89,62,102,1896,1887,0,0.12,1.82,CLT
7/19/2014,70,66,74,68,89,60,103,2009,1986,0.17,0.12,2.3,CLT
7/20/2014,74,65,83,68,89,60,101,1910,1986,0,0.12,1.25,CLT
7/21/2014,74,70,77,68,89,57,103,1890,1986,1.3,0.12,3.83,CLT
7/22/2014,79,72,85,68,89,58,103,2001,1926,0,0.12,2.56,CLT
7/23/2014,80,69,90,68,89,56,101,2007,1987,0,0.13,6.88,CLT
7/24/2014,80,71,89,68,89,59,100,1947,1952,0.06,0.12,2.83,CLT
7/25/2014,77,68,86,68,89,62,101,1947,2010,0,0.13,2.34,CLT
7/26/2014,78,66,89,68,89,60,100,1904,2005,0,0.13,2.84,CLT
7/27/2014,80,70,90,68,89,57,103,1920,1940,0.18,0.13,2.46,CLT
7/28/2014,79,68,90,68,89,54,102,1962,1952,0.06,0.13,2.98,CLT
7/29/2014,73,62,83,68,89,59,103,1920,1952,0,0.14,2.04,CLT
7/30/2014,74,63,85,68,89,58,101,1914,2011,0,0.14,4.24,CLT
7/31/2014,72,65,78,68,89,56,100,1914,1999,1.45,0.14,1.45,CLT
8/1/2014,68,65,70,68,89,58,98,1966,1957,2.39,0.14,2.39,CLT
8/2/2014,69,65,72,68,89,59,98,1895,1942,0,0.14,2,CLT
8/3/2014,77,67,86,68,89,60,98,1998,2011,0,0.15,4.51,CLT
8/4/2014,78,69,87,68,89,58,98,1912,1935,0,0.15,2.59,CLT
8/5/2014,77,65,88,68,89,55,100,1912,1954,0,0.15,3.01,CLT
8/6/2014,78,68,88,68,88,57,102,1912,1956,0.17,0.14,3.19,CLT
8/7/2014,78,67,88,68,88,50,100,2004,1963,0,0.13,1.53,CLT
8/8/2014,77,73,81,68,88,55,102,2004,2007,0,0.13,1.37,CLT
8/9/2014,76,68,84,68,88,56,104,2002,2007,0,0.13,1.26,CLT
8/10/2014,70,67,73,68,88,56,104,1879,2007,0.01,0.13,2.26,CLT
8/11/2014,78,71,85,68,88,58,98,1879,1956,0.58,0.13,3.04,CLT
8/12/2014,81,72,89,68,88,57,100,1890,1925,0.31,0.13,2.25,CLT
8/13/2014,75,65,84,68,88,57,102,1979,1956,0,0.14,1.27,CLT
8/14/2014,71,59,83,68,88,57,98,1967,1925,0,0.14,2,CLT
8/15/2014,73,60,86,68,88,55,99,1964,2007,0,0.14,3.17,CLT
8/16/2014,77,68,86,68,88,57,102,1924,1954,0,0.14,2.51,CLT
8/17/2014,78,67,89,67,88,55,97,1979,1911,0,0.14,2.92,CLT
8/18/2014,81,71,90,67,88,59,101,1976,1988,0,0.13,1.76,CLT
8/19/2014,80,70,90,67,87,59,100,1981,1988,0,0.14,1.96,CLT
8/20/2014,79,67,91,67,87,56,103,1918,1925,0,0.14,1.84,CLT
8/21/2014,80,67,93,67,87,56,103,1998,1983,0,0.13,2.22,CLT
8/22/2014,83,70,95,67,87,57,101,1886,1983,0,0.15,2.81,CLT
8/23/2014,82,73,91,67,87,53,103,1930,1983,0.08,0.13,2.74,CLT
8/24/2014,74,66,81,67,87,55,97,1888,1968,0.14,0.14,2.35,CLT
8/25/2014,72,60,83,66,87,56,98,1952,1943,0,0.14,3.16,CLT
8/26/2014,72,60,84,66,87,55,100,1942,1954,0,0.14,5.36,CLT
8/27/2014,72,57,87,66,86,55,101,1952,1954,0,0.13,4.39,CLT
8/28/2014,77,61,92,66,86,55,98,1905,1924,0,0.13,4.64,CLT
8/29/2014,79,69,88,66,86,54,100,1986,1948,0,0.13,1.42,CLT
8/30/2014,79,68,90,66,86,53,101,1965,1932,0,0.12,2.54,CLT
8/31/2014,83,74,91,65,86,53,99,1946,1957,0.06,0.12,3.4,CLT
9/1/2014,82,71,93,65,85,51,99,1999,1957,0,0.11,2.93,CLT
9/2/2014,82,69,94,65,85,53,99,1967,1932,0,0.12,1.2,CLT
9/3/2014,81,68,93,65,85,52,98,1967,1925,0.63,0.11,2.67,CLT
9/4/2014,77,69,85,64,85,54,100,1952,1925,0.82,0.11,1.15,CLT
9/5/2014,79,69,89,64,84,54,101,1967,1954,0.01,0.11,2.46,CLT
9/6/2014,80,70,90,64,84,53,104,1924,1954,0,0.11,3.47,CLT
9/7/2014,79,70,88,64,84,53,100,1924,1925,0.09,0.11,2.38,CLT
9/8/2014,70,67,73,63,84,54,99,1988,1925,0,0.11,1.96,CLT
9/9/2014,72,66,77,63,83,46,101,1998,1939,0,0.11,1.92,CLT
9/10/2014,72,65,79,63,83,47,98,1998,1939,0,0.1,3.64,CLT
9/11/2014,77,64,89,62,83,49,96,1956,1925,0.09,0.1,1.8,CLT
9/12/2014,81,72,90,62,83,45,95,1917,1925,0.08,0.09,1.76,CLT
9/13/2014,76,66,86,62,82,49,94,1917,1962,1.56,0.11,4.12,CLT
9/14/2014,66,62,69,61,82,47,97,1985,1897,0,0.1,3.23,CLT
9/15/2014,76,65,86,61,81,47,96,2000,1956,0.37,0.11,4.06,CLT
9/16/2014,76,65,86,61,81,47,96,2000,1956,0.37,0.11,4.06,CLT
9/17/2014,69,63,74,60,81,46,96,1984,1954,0,0.11,3.14,CLT
9/18/2014,71,62,80,60,81,48,99,2001,1896,0,0.11,4.84,CLT
9/19/2014,73,67,79,59,80,46,97,1984,1954,0.02,0.1,2.72,CLT
9/20/2014,71,59,82,59,80,45,98,1929,1925,0,0.11,2.82,CLT
9/21/2014,71,57,85,59,80,43,97,1918,1895,0,0.11,2.74,CLT
9/22/2014,69,61,76,58,79,43,98,1918,1895,0,0.1,2.92,CLT
9/23/2014,59,53,65,58,79,39,97,1999,1931,0.02,0.11,1.69,CLT
9/24/2014,59,53,64,57,79,43,95,1999,1895,0.19,0.1,3.89,CLT
9/25/2014,66,61,70,57,78,40,94,1887,2010,0.01,0.11,1.31,CLT
9/26/2014,67,62,71,57,78,42,94,1950,1961,0,0.11,2.54,CLT
9/27/2014,69,59,78,56,78,43,93,1940,1900,0,0.11,1.94,CLT
9/28/2014,68,60,76,56,77,41,93,1947,1954,0,0.12,3.38,CLT
9/29/2014,67,64,70,55,77,40,93,1942,1941,0.09,0.11,3.59,CLT
9/30/2014,71,59,83,55,77,38,91,1888,1926,0,0.12,3.65,CLT
10/1/2014,70,56,84,54,76,39,92,1899,1954,0,0.12,3.8,CLT
10/2/2014,72,59,85,54,76,36,92,1899,1954,0,0.11,1.6,CLT
10/3/2014,70,61,79,54,76,36,91,1974,1954,0.03,0.12,2.15,CLT
10/4/2014,55,43,67,53,75,33,95,1974,1954,0,0.12,4.21,CLT
10/5/2014,52,38,65,53,75,38,97,1974,1954,0,0.12,1.16,CLT
10/6/2014,62,47,76,52,75,38,98,1935,1954,0,0.12,1.98,CLT
10/7/2014,67,53,80,52,74,34,91,1935,1951,0,0.11,2.7,CLT
10/8/2014,72,58,86,52,74,34,93,1889,1941,0,0.12,3.82,CLT
10/9/2014,66,52,80,51,74,31,92,2000,2007,0,0.12,3.8,CLT
10/10/2014,72,60,84,51,74,30,89,2000,1939,0,0.11,4.18,CLT
10/11/2014,78,68,87,51,73,29,90,2000,1939,0.08,0.12,2.58,CLT
10/12/2014,63,58,68,50,73,31,87,1906,1919,0.02,0.12,2.82,CLT
10/13/2014,66,59,72,50,73,35,91,1964,1954,0.04,0.12,1.93,CLT
10/14/2014,73,64,82,49,72,32,87,2006,1940,0.45,0.11,2.27,CLT
10/15/2014,66,58,73,49,72,30,88,2006,1985,0.24,0.11,1.83,CLT
10/16/2014,61,50,71,49,72,35,87,1939,1925,0,0.11,4.76,CLT
10/17/2014,59,44,74,48,71,35,85,2001,1962,0,0.11,1.9,CLT
10/18/2014,65,53,76,48,71,31,87,2001,1938,0,0.12,2.34,CLT
10/19/2014,57,45,69,48,71,30,87,2009,1938,0,0.1,1.2,CLT
10/20/2014,59,46,71,47,71,30,86,1972,1926,0,0.11,2.33,CLT
10/21/2014,61,47,75,47,70,30,88,1952,1943,0,0.11,1.31,CLT
10/22/2014,56,44,68,47,70,29,85,1952,1939,0,0.1,4.52,CLT
10/23/2014,55,40,70,46,70,31,88,1998,1941,0,0.11,1.72,CLT
10/24/2014,54,39,69,46,70,28,88,2006,1939,0,0.1,0.85,CLT
10/25/2014,57,39,74,46,69,27,84,2006,1931,0,0.09,2.65,CLT
10/26/2014,66,48,83,45,69,27,86,2013,1940,0,0.1,1.85,CLT
10/27/2014,62,43,80,45,69,24,86,1962,1939,0,0.09,2.03,CLT
10/28/2014,68,52,84,45,68,26,87,2001,1940,0,0.1,1.23,CLT
10/29/2014,69,58,79,44,68,27,82,1976,1984,0,0.1,1.65,CLT
10/30/2014,57,45,68,44,68,26,84,1952,1950,0,0.1,2.51,CLT
10/31/2014,50,39,61,44,68,29,85,2008,1950,0.49,0.1,1.68,CLT
11/1/2014,47,40,53,43,67,29,84,1954,1950,0.28,0.1,1.14,CLT
11/2/2014,44,30,57,43,67,27,85,1954,1961,0,0.1,1.82,CLT
11/3/2014,45,24,65,43,67,24,84,1954,1961,0,0.1,1.69,CLT
11/4/2014,53,39,67,43,66,22,83,1966,1961,0,0.1,1.97,CLT
11/5/2014,60,49,70,42,66,24,81,2006,2003,0,0.1,0.97,CLT
11/6/2014,60,48,71,42,66,26,82,1976,2003,0.04,0.1,1.34,CLT
11/7/2014,50,39,61,42,65,26,78,1998,1888,0,0.1,1.71,CLT
11/8/2014,45,31,58,41,65,25,78,1967,1934,0,0.11,2.79,CLT
11/9/2014,51,38,63,41,65,24,82,1976,2005,0,0.1,2.76,CLT
11/10/2014,51,32,69,41,64,28,83,1973,2006,0,0.1,1.43,CLT
11/11/2014,57,39,74,41,64,24,78,1973,2006,0,0.09,1.82,CLT
11/12/2014,59,41,77,40,64,24,81,1894,1989,0,0.1,1.54,CLT
11/13/2014,53,46,60,40,63,21,81,2013,1931,0,0.1,1.93,CLT
11/14/2014,37,28,46,40,63,21,80,2013,1879,0.01,0.11,1.23,CLT
11/15/2014,35,25,45,39,63,20,82,1969,1993,0,0.1,1.32,CLT
11/16/2014,41,29,53,39,62,22,82,1969,1958,0,0.1,2.26,CLT
11/17/2014,47,36,57,39,62,20,84,1883,1958,0.63,0.11,1.9,CLT
11/18/2014,30,20,39,38,62,20,78,2014,1942,0,0.1,1.93,CLT
11/19/2014,29,14,44,38,61,14,78,2014,1942,0,0.11,2.04,CLT
11/20/2014,47,34,59,38,61,18,79,1951,1942,0,0.11,1.36,CLT
11/21/2014,44,30,58,38,61,19,78,1914,1942,0,0.11,3.26,CLT
11/22/2014,39,22,55,37,60,13,76,2008,2011,0,0.11,1.68,CLT
11/23/2014,54,42,65,37,60,18,78,1880,1900,1.72,0.11,1.72,CLT
11/24/2014,67,59,74,37,59,16,75,1970,1958,0,0.11,1.68,CLT
11/25/2014,58,49,66,37,59,13,76,1970,1921,0.22,0.1,2.42,CLT
11/26/2014,46,40,52,36,59,11,75,1950,2001,0.89,0.11,2.36,CLT
11/27/2014,43,34,52,36,58,18,77,1903,2001,0,0.11,1.54,CLT
11/28/2014,36,25,47,36,58,19,77,2013,1990,0,0.11,2.93,CLT
11/29/2014,44,31,56,35,58,20,76,1955,2001,0,0.12,1.37,CLT
11/30/2014,54,39,68,35,57,15,76,1929,1991,0,0.11,2.09,CLT
12/1/2014,57,41,73,35,57,15,76,1964,1946,0,0.11,1.21,CLT
12/2/2014,49,42,55,35,57,20,76,1924,1991,0,0.11,1.85,CLT
12/3/2014,53,42,64,34,56,20,75,1960,1998,0,0.12,2.96,CLT
12/4/2014,56,49,63,34,56,18,76,2000,1956,0,0.11,1.93,CLT
12/5/2014,47,42,51,34,56,18,75,1969,1998,0.04,0.11,2.06,CLT
12/6/2014,47,42,52,34,55,18,78,1895,1998,0.12,0.1,2.37,CLT
12/7/2014,48,39,56,33,55,12,76,2010,1998,0,0.1,1.56,CLT
12/8/2014,40,36,43,33,55,10,76,1882,1998,0.14,0.11,1.15,CLT
12/9/2014,46,37,55,33,54,14,78,2006,1943,0,0.1,1.78,CLT
12/10/2014,43,32,53,33,54,13,80,1917,2007,0,0.1,1.91,CLT
12/11/2014,37,23,51,33,54,13,79,1957,2007,0,0.11,1.69,CLT
12/12/2014,41,22,60,32,54,7,79,1962,2007,0,0.11,1.57,CLT
12/13/2014,46,25,66,32,53,2,77,1962,2007,0,0.1,1.78,CLT
12/14/2014,46,29,63,32,53,12,73,1962,1948,0,0.1,2.38,CLT
12/15/2014,43,26,60,32,53,10,73,2010,1948,0,0.1,2.46,CLT
12/16/2014,48,37,58,32,53,12,75,1958,1971,0.09,0.1,1.58,CLT
12/17/2014,46,31,60,32,52,14,73,1901,1956,0,0.1,1.3,CLT
12/18/2014,43,30,56,31,52,11,75,1953,1984,0,0.1,1.74,CLT
12/19/2014,43,30,56,31,52,11,76,1963,1984,0,0.11,0.85,CLT
12/20/2014,44,40,48,31,52,12,79,1884,1931,0.03,0.1,2.38,CLT
12/21/2014,47,42,51,31,52,10,73,1901,2013,0,0.1,2.19,CLT
12/22/2014,42,38,46,31,51,11,72,1960,1998,0.26,0.11,2.27,CLT
12/23/2014,42,37,47,31,51,8,73,1989,1990,0.29,0.11,2.12,CLT
12/24/2014,53,45,60,31,51,6,71,1983,1982,0.91,0.11,1.47,CLT
12/25/2014,45,32,57,30,51,4,77,1983,1955,0,0.1,2.32,CLT
12/26/2014,43,27,59,30,51,6,76,1983,1889,0,0.11,1.72,CLT
12/27/2014,48,32,64,30,51,15,72,1970,1971,0,0.1,1.25,CLT
12/28/2014,55,49,60,30,51,10,77,1925,1971,0.04,0.11,1.67,CLT
12/29/2014,51,44,58,30,51,2,74,1894,1984,0.59,0.1,1.82,CLT
12/30/2014,39,32,45,30,50,-5,76,1880,1984,0.06,0.1,1.21,CLT
12/31/2014,37,27,46,30,50,0,70,1890,1996,0,0.1,2.15,CLT
1/1/2015,40,26,53,30,50,10,74,1928,1985,0,0.11,1.54,CLT
1/2/2015,47,42,52,30,50,6,78,1928,1952,0.12,0.1,2.1,CLT
1/3/2015,50,47,52,30,50,8,74,1887,2004,0.25,0.11,1.93,CLT
1/4/2015,56,47,65,30,50,8,75,1887,1950,0.26,0.11,1.32,CLT
1/5/2015,45,36,54,30,50,10,72,1920,1950,0,0.12,1.77,CLT
1/6/2015,41,24,57,30,50,5,73,1884,1950,0,0.11,3.45,CLT
1/7/2015,29,16,41,29,50,6,77,2014,1890,0,0.12,1.76,CLT
1/8/2015,18,8,28,29,50,8,74,1970,1946,0,0.11,1.47,CLT
1/9/2015,34,22,45,29,50,4,72,1970,2008,0,0.11,1.91,CLT
1/10/2015,30,19,41,29,50,4,76,1970,1949,0,0.12,2.35,CLT
1/11/2015,31,15,46,29,50,0,78,1886,1949,0.08,0.12,1.78,CLT
1/12/2015,41,37,45,29,50,-1,75,1886,1890,0.98,0.11,2.22,CLT
1/13/2015,41,35,47,29,50,3,75,1895,1960,0.04,0.12,1.68,CLT
1/14/2015,35,30,40,29,50,7,77,1912,1907,0,0.11,1.45,CLT
1/15/2015,34,26,42,29,50,12,77,1994,1907,0,0.11,0.96,CLT
1/16/2015,43,30,56,29,50,5,74,1893,1974,0,0.11,1.69,CLT
1/17/2015,41,24,57,29,51,5,75,1977,1943,0,0.11,2.38,CLT
1/18/2015,49,37,61,29,51,10,71,2003,1937,0.02,0.11,2.51,CLT
1/19/2015,49,33,64,30,51,6,69,1994,1929,0,0.11,2.28,CLT
1/20/2015,53,39,67,30,51,-2,71,1985,1951,0,0.11,1.98,CLT
1/21/2015,50,36,64,30,51,-5,73,1985,1935,0,0.11,2.28,CLT
1/22/2015,41,25,57,30,51,5,74,1970,1937,0,0.11,1.79,CLT
1/23/2015,41,36,45,30,51,9,75,2003,1927,0.88,0.11,1.48,CLT
1/24/2015,43,33,53,30,51,7,74,1963,1967,0.16,0.1,1.79,CLT
1/25/2015,43,28,57,30,51,11,76,1963,1950,0,0.11,2.27,CLT
1/26/2015,45,37,53,30,51,8,75,1940,1950,0.01,0.1,1.43,CLT
1/27/2015,39,29,48,30,52,6,75,1940,1890,0,0.1,1.51,CLT
1/28/2015,36,23,49,30,52,5,79,1986,1944,0,0.11,1.27,CLT
1/29/2015,38,25,50,30,52,8,79,1897,2002,0,0.1,1.21,CLT
1/30/2015,38,26,49,30,52,4,78,1966,2002,0,0.11,1.13,CLT
1/31/2015,35,19,51,30,52,4,77,1966,1975,0,0.11,1.75,CLT
2/1/2015,47,36,57,31,52,10,76,1900,1950,0.01,0.11,1.78,CLT
2/2/2015,42,26,57,31,52,10,80,1917,1989,0.39,0.11,2.3,CLT
2/3/2015,34,22,46,31,53,8,81,1917,1989,0,0.12,1.25,CLT
2/4/2015,41,28,53,31,53,11,76,1886,1927,0,0.11,1.93,CLT
2/5/2015,40,27,52,31,53,6,78,1886,1890,0,0.11,2,CLT
2/6/2015,32,18,45,31,53,13,79,1977,1927,0,0.1,2.91,CLT
2/7/2015,47,28,65,31,53,10,74,1895,1999,0,0.11,1.65,CLT
2/8/2015,59,47,70,31,54,1,74,1895,2009,0,0.1,1.12,CLT
2/9/2015,56,51,61,32,54,6,77,1895,1994,0.87,0.11,1.81,CLT
2/10/2015,45,37,53,32,54,8,76,1934,1938,0.13,0.1,2.22,CLT
2/11/2015,42,28,55,32,54,12,75,1885,1965,0,0.11,1.19,CLT
2/12/2015,42,26,57,32,54,11,73,1899,1999,0,0.11,1.65,CLT
2/13/2015,31,21,40,32,55,2,74,1899,1951,0,0.12,1.88,CLT
2/14/2015,40,23,56,33,55,-5,77,1899,1949,0,0.11,1.53,CLT
2/15/2015,25,14,36,33,55,12,80,1943,1989,0,0.13,1.65,CLT
2/16/2015,29,24,33,33,55,11,76,1905,1976,0.51,0.12,2.28,CLT
2/17/2015,29,23,34,33,55,7,79,1958,1927,0.15,0.13,1.47,CLT
2/18/2015,32,21,42,33,56,5,78,1958,1891,0,0.12,1.89,CLT
2/19/2015,19,12,26,34,56,8,76,1958,1939,0,0.13,2.08,CLT
2/20/2015,19,7,31,34,56,7,77,2015,2014,0,0.13,1.82,CLT
2/21/2015,34,25,42,34,56,6,75,1896,2011,0,0.13,1.44,CLT
2/22/2015,47,36,57,34,57,12,74,1963,1990,0.18,0.13,1.53,CLT
2/23/2015,44,35,52,34,57,19,76,1963,1962,0.02,0.13,1.72,CLT
2/24/2015,32,28,35,35,57,16,80,1967,1982,0.07,0.13,1.9,CLT
2/25/2015,36,29,42,35,57,7,82,1967,1930,0.48,0.13,1.78,CLT
2/26/2015,37,31,42,35,58,7,81,1967,1977,0.21,0.12,1.82,CLT
2/27/2015,38,26,50,35,58,7,82,1963,2011,0,0.13,1.7,CLT
2/28/2015,37,29,44,36,58,14,78,2002,2011,0,0.13,2.09,CLT
3/1/2015,36,31,40,36,59,15,82,1980,1918,0.16,0.13,2.18,CLT
3/2/2015,55,39,70,36,59,14,80,1980,1887,0,0.14,1.59,CLT
3/3/2015,46,40,51,36,59,4,84,1980,1976,0.06,0.12,3.04,CLT
3/4/2015,56,42,69,36,59,15,82,1943,1976,0,0.13,1.7,CLT
3/5/2015,52,36,68,37,60,12,84,1960,1955,0.54,0.14,1.65,CLT
3/6/2015,35,25,44,37,60,10,78,1960,1956,0,0.13,2.46,CLT
3/7/2015,42,23,61,37,60,14,85,1899,1974,0,0.14,1.38,CLT
3/8/2015,52,32,71,37,61,16,84,1920,1974,0,0.14,1.87,CLT
3/9/2015,58,51,65,38,61,16,83,1996,1974,0.01,0.14,1.78,CLT
3/10/2015,66,53,78,38,61,17,82,1932,1974,0,0.13,1.35,CLT
3/11/2015,71,58,83,38,62,22,83,1969,1990,0.15,0.14,1.04,CLT
3/12/2015,61,51,70,38,62,19,86,1969,1990,0,0.14,2.17,CLT
3/13/2015,50,42,58,39,62,18,86,1960,1990,0.19,0.13,2.31,CLT
3/14/2015,53,41,64,39,62,16,83,1926,2012,0.35,0.14,1.81,CLT
3/15/2015,63,49,76,39,63,16,86,1993,1967,0,0.14,4.24,CLT
3/16/2015,62,43,81,39,63,18,83,1970,1945,0,0.13,1.84,CLT
3/17/2015,63,41,84,40,63,23,90,1900,1945,0,0.13,2,CLT
3/18/2015,54,47,61,40,64,21,85,1967,2011,0,0.13,1.52,CLT
3/19/2015,49,42,55,40,64,21,86,1902,1945,0.21,0.13,2.65,CLT
3/20/2015,50,42,58,40,64,23,85,1923,1948,0,0.12,2.11,CLT
3/21/2015,56,40,71,41,65,18,87,1965,1935,0,0.12,1.79,CLT
3/22/2015,62,54,70,41,65,24,89,1965,1907,0.01,0.12,0.88,CLT
3/23/2015,58,51,65,41,65,20,91,1888,1907,0,0.11,2,CLT
3/24/2015,59,45,72,41,66,24,88,1940,1929,0,0.12,1.62,CLT
3/25/2015,62,54,69,42,66,22,90,1940,1929,0.01,0.12,1.89,CLT
3/26/2015,65,56,74,42,66,22,86,1972,1929,0,0.13,2.86,CLT
3/27/2015,54,43,65,42,67,19,85,1955,1950,0.24,0.12,1.22,CLT
3/28/2015,43,34,51,42,67,25,90,1982,1907,0,0.13,1.95,CLT
3/29/2015,42,29,55,42,67,26,89,2013,1907,0,0.12,2.2,CLT
3/30/2015,55,39,70,43,67,24,86,1964,1998,0.26,0.13,2.36,CLT
3/31/2015,56,35,77,43,68,21,86,1964,1986,0,0.12,2.21,CLT
4/1/2015,61,49,73,43,68,24,86,1923,1986,0,0.11,1.26,CLT
4/2/2015,66,58,73,43,68,28,86,1881,1978,0.04,0.12,2.99,CLT
4/3/2015,70,58,82,44,69,28,90,1972,1946,0,0.1,1.18,CLT
4/4/2015,58,45,71,44,69,29,87,1936,1999,0,0.11,1.58,CLT
4/5/2015,52,36,67,44,69,26,88,1891,1942,0,0.1,1.86,CLT
4/6/2015,64,51,77,44,70,28,90,1944,1929,0,0.1,3.84,CLT
4/7/2015,65,57,72,45,70,25,89,2007,1929,0.51,0.11,1.74,CLT
4/8/2015,73,63,82,45,70,21,88,2007,1929,0.26,0.1,1.33,CLT
4/9/2015,77,65,88,45,70,25,89,1972,1893,0.02,0.1,2.07,CLT
4/10/2015,75,67,82,45,71,28,90,1985,2001,0,0.11,1.98,CLT
4/11/2015,67,56,78,46,71,28,88,1961,1930,0,0.1,3.2,CLT
4/12/2015,62,50,74,46,71,29,92,1973,1930,0,0.09,1.77,CLT
4/13/2015,66,59,73,46,71,28,90,1940,1930,0.11,0.1,1.75,CLT
4/14/2015,73,65,80,46,72,27,89,1950,1941,0.16,0.09,1.65,CLT
4/15/2015,58,50,65,47,72,28,89,1907,1936,1.26,0.09,1.73,CLT
4/16/2015,51,47,54,47,72,29,89,1962,1896,0.4,0.1,1.6,CLT
4/17/2015,62,54,69,47,72,30,94,1949,1896,0.03,0.1,1.51,CLT
4/18/2015,70,60,79,48,73,32,93,2001,1896,0.04,0.1,1.7,CLT
4/19/2015,67,64,69,48,73,30,89,1983,1955,2.65,0.1,2.65,CLT
4/20/2015,67,60,74,48,73,28,91,1983,1896,0.47,0.11,1.47,CLT
4/21/2015,58,45,71,48,73,30,90,1983,1963,0,0.1,2.39,CLT
4/22/2015,60,43,77,49,74,33,91,1978,1957,0,0.11,2.28,CLT
4/23/2015,62,49,74,49,74,35,91,1986,1960,0,0.11,1.58,CLT
4/24/2015,54,38,70,49,74,36,96,1893,1925,0,0.1,2.33,CLT
4/25/2015,56,51,61,49,74,31,93,2005,1925,0.19,0.1,1.78,CLT
4/26/2015,53,48,58,50,75,34,92,1910,1915,0,0.1,2.34,CLT
4/27/2015,55,39,71,50,75,37,90,1972,1981,0,0.1,1.35,CLT
4/28/2015,54,38,69,50,75,36,90,1967,1943,0,0.1,2.23,CLT
4/29/2015,55,45,64,51,75,33,91,1973,1888,0,0.09,2.19,CLT
4/30/2015,63,49,76,51,75,37,91,2008,1962,0,0.09,2.34,CLT
5/1/2015,57,47,67,51,76,37,92,1963,1962,0,0.09,1.84,CLT
5/2/2015,61,45,76,52,76,32,91,1963,1959,0,0.1,1.36,CLT
5/3/2015,63,46,80,52,76,39,94,1981,1902,0,0.1,3.67,CLT
5/4/2015,69,55,83,52,76,34,92,1971,1959,0,0.1,1.62,CLT
5/5/2015,69,56,82,52,76,36,91,1940,1955,0,0.1,2.4,CLT
5/6/2015,69,53,84,53,77,39,93,1891,1950,0,0.09,1.6,CLT
5/7/2015,70,58,81,53,77,38,95,1891,1940,0,0.1,2.58,CLT
5/8/2015,71,57,85,53,77,35,96,1989,1940,0,0.1,2.41,CLT
5/9/2015,72,60,84,54,77,39,94,1984,1889,0,0.1,1.35,CLT
5/10/2015,74,65,82,54,78,38,94,1906,1889,0,0.1,0.86,CLT
5/11/2015,76,61,90,54,78,39,95,1977,1916,0,0.1,1.12,CLT
5/12/2015,77,66,88,55,78,39,94,1969,1889,0,0.1,1.92,CLT
5/13/2015,73,60,85,55,78,38,93,1960,1881,0,0.1,2.46,CLT
5/14/2015,67,58,75,55,78,41,95,1917,1956,0,0.1,1.34,CLT
5/15/2015,73,63,82,56,79,40,94,1888,1962,0,0.1,2.11,CLT
5/16/2015,75,62,87,56,79,42,94,1978,1941,0,0.1,1.79,CLT
5/17/2015,75,63,86,56,79,43,93,1973,1896,0,0.09,1.09,CLT
5/18/2015,78,67,89,56,79,34,94,1973,1960,0,0.1,4.85,CLT
5/19/2015,77,65,89,57,80,40,95,2009,1962,0,0.1,2.4,CLT
5/20/2015,76,61,91,57,80,40,95,2002,1964,0,0.1,3.81,CLT
5/21/2015,75,64,86,57,80,41,97,1894,1941,0,0.1,2.41,CLT
5/22/2015,64,52,76,58,80,42,98,2002,1941,0,0.1,3.5,CLT
5/23/2015,65,47,82,58,81,37,98,2002,1941,0,0.1,3.16,CLT
5/24/2015,68,54,82,58,81,43,95,1931,1939,0,0.11,1.03,CLT
5/25/2015,73,59,86,59,81,41,95,2013,1953,0,0.11,2.24,CLT
5/26/2015,78,67,88,59,81,45,96,1979,1995,0.32,0.11,3.03,CLT
5/27/2015,75,65,84,59,82,41,96,1961,1916,0,0.11,1.55,CLT
5/28/2015,78,67,88,60,82,42,97,1961,1941,0,0.12,2.7,CLT
5/29/2015,78,67,88,60,82,48,98,1894,1941,0,0.12,1.18,CLT
5/30/2015,76,65,87,60,82,47,95,1894,1918,0,0.11,2.52,CLT
5/31/2015,78,67,89,61,83,42,97,1984,1953,0,0.12,1.77,CLT
6/1/2015,77,66,88,61,83,45,98,1889,1918,0,0.13,2.87,CLT
6/2/2015,73,64,81,61,83,46,99,1966,1951,0.76,0.13,2.28,CLT
6/3/2015,67,64,69,61,83,51,100,1966,1895,0.02,0.13,3.78,CLT
6/4/2015,69,61,77,62,84,50,98,1988,1911,0,0.13,2.12,CLT
6/5/2015,72,59,84,62,84,50,102,1954,1943,0,0.13,2.45,CLT
6/6/2015,76,62,90,62,84,48,98,1976,1943,0,0.13,2.76,CLT
6/7/2015,78,70,86,63,84,45,97,2000,1899,0.17,0.14,2.22,CLT
6/8/2015,79,69,88,63,85,47,99,1977,1899,0.01,0.13,1.98,CLT
6/9/2015,79,67,90,63,85,50,99,1912,2008,0,0.13,3.26,CLT
6/10/2015,79,69,89,63,85,46,99,1977,1947,0,0.12,2.18,CLT
6/11/2015,79,68,90,64,85,47,100,1913,1914,0,0.14,2.85,CLT
6/12/2015,81,71,90,64,85,45,98,1972,1956,0,0.13,2.73,CLT
6/13/2015,83,72,94,64,86,49,97,1903,1958,0,0.13,3.77,CLT
6/14/2015,83,68,97,64,86,53,99,1903,1958,0,0.13,3.16,CLT
6/15/2015,84,68,99,65,86,51,99,1933,2015,0,0.14,1.16,CLT
6/16/2015,84,69,99,65,86,52,99,1961,2015,0,0.13,3.32,CLT
6/17/2015,86,73,99,65,87,53,100,1917,1943,0,0.12,2.76,CLT
6/18/2015,87,74,100,65,87,52,100,1961,2015,0,0.13,1.86,CLT
6/19/2015,84,72,96,66,87,54,102,1965,1944,0,0.13,1.5,CLT
6/20/2015,83,71,95,66,87,54,102,1879,1887,0.01,0.12,1.67,CLT
6/21/2015,84,71,97,66,87,54,99,2003,1964,0,0.13,1.98,CLT
6/22/2015,83,65,100,66,87,53,100,2003,2015,0,0.12,1.31,CLT
6/23/2015,87,73,100,66,88,53,100,1947,2015,0,0.11,1.82,CLT
6/24/2015,88,75,100,66,88,55,102,1972,1930,0,0.12,1.25,CLT
6/25/2015,86,74,98,67,88,53,102,1889,1914,0,0.11,2.76,CLT
6/26/2015,85,70,100,67,88,55,102,1979,1952,1.21,0.11,1.98,CLT
6/27/2015,82,71,92,67,88,56,103,2012,1954,0.55,0.11,1.86,CLT
6/28/2015,76,66,85,67,88,53,101,1968,1959,0,0.11,1.83,CLT
6/29/2015,73,59,87,67,88,54,104,1974,2012,0,0.11,2.39,CLT
6/30/2015,83,71,94,67,89,54,104,1962,2012,0,0.11,2.75,CLT
7/1/2014,70,63,77,63,82,52,107,1886,1985,0,0,0.09,CQT
7/2/2014,70,62,77,63,82,51,102,1887,1985,0,0,0,CQT
7/3/2014,72,63,81,63,82,52,100,1902,1985,0,0,0,CQT
7/4/2014,72,62,82,63,82,53,103,1900,1907,0,0,0.07,CQT
7/5/2014,75,64,86,63,82,50,100,1886,1907,0,0,0.02,CQT
7/6/2014,73,64,81,63,82,51,94,1894,1992,0,0,0.03,CQT
7/7/2014,77,64,89,63,83,51,96,1894,1954,0,0,0.02,CQT
7/8/2014,77,68,86,63,83,51,95,1894,1886,0,0,0.13,CQT
7/9/2014,75,67,82,63,83,52,100,1901,1985,0,0,0.05,CQT
7/10/2014,76,66,85,63,83,55,103,1903,1959,0,0,0,CQT
7/11/2014,73,65,80,64,83,52,97,1878,1959,0,0,0.04,CQT
7/12/2014,74,65,82,64,83,49,98,1888,1953,0,0,0.05,CQT
7/13/2014,75,67,82,64,83,51,98,1888,1990,0,0,0.02,CQT
7/14/2014,74,68,80,64,83,52,98,1908,1984,0,0,0.24,CQT
7/15/2014,76,69,82,64,83,50,98,1893,1886,0,0,0,CQT
7/16/2014,74,66,81,64,83,52,96,1894,1930,0,0.01,0.02,CQT
7/17/2014,73,65,80,64,83,52,98,1894,1998,0,0,0.01,CQT
7/18/2014,72,64,79,64,84,53,97,1884,1936,0,0,0.36,CQT
7/19/2014,71,66,75,64,84,52,97,1884,1960,0,0,0.02,CQT
7/20/2014,73,66,80,64,84,52,100,1892,1960,0,0,0,CQT
7/21/2014,74,66,81,64,84,53,96,1903,1960,0,0,0,CQT
7/22/2014,75,65,85,64,84,52,101,1880,2006,0,0,0.1,CQT
7/23/2014,77,65,88,64,84,53,97,1903,1890,0,0,0.08,CQT
7/24/2014,79,65,92,64,84,52,103,1882,1891,0,0,0,CQT
7/25/2014,79,69,88,64,84,52,109,1903,1891,0,0,0.04,CQT
7/26/2014,77,68,86,64,84,52,100,1886,1891,0,0,0.04,CQT
7/27/2014,76,67,84,64,84,52,102,1903,1972,0,0,0,CQT
7/28/2014,78,68,88,64,84,52,101,1883,1995,0,0,0.01,CQT
7/29/2014,78,68,88,64,84,53,100,1909,1995,0,0,0,CQT
7/30/2014,79,68,90,64,84,54,100,1894,1980,0,0,0.02,CQT
7/31/2014,77,67,87,64,84,52,100,1885,1972,0,0,0.01,CQT
8/1/2014,76,66,85,64,84,54,99,1888,1959,0,0,0.01,CQT
8/2/2014,78,65,90,64,84,51,98,1888,1997,0.02,0,0.02,CQT
8/3/2014,79,72,85,64,84,52,100,1913,1918,0.02,0,0.02,CQT
8/4/2014,76,65,87,64,84,52,94,1912,1971,0,0,0.05,CQT
8/5/2014,73,63,82,64,84,52,100,1887,1997,0,0,0.09,CQT
8/6/2014,70,63,77,64,84,50,105,1883,1983,0,0.01,0.02,CQT
8/7/2014,73,64,81,64,84,54,99,1894,1884,0,0,0.11,CQT
8/8/2014,74,65,82,64,84,54,100,1916,1881,0,0,0.02,CQT
8/9/2014,75,67,82,64,84,53,100,1889,1998,0,0,0.19,CQT
8/10/2014,76,66,85,64,84,54,99,1897,1882,0,0,0.04,CQT
8/11/2014,75,65,85,64,84,53,98,1894,1879,0,0,0.02,CQT
8/12/2014,75,66,84,64,84,52,104,1894,1994,0,0,0.32,CQT
8/13/2014,73,65,81,64,84,54,102,1892,1994,0,0,0.13,CQT
8/14/2014,74,65,83,64,84,54,97,1887,1885,0,0.01,0.01,CQT
8/15/2014,76,63,89,64,84,52,98,1894,1994,0,0,0.4,CQT
8/16/2014,78,66,90,64,84,52,98,1883,1890,0,0,0.19,CQT
8/17/2014,78,66,89,64,85,52,104,1887,1885,0,0,2.06,CQT
8/18/2014,76,65,86,64,85,52,102,1887,1885,0,0,0.44,CQT
8/19/2014,76,69,82,64,85,54,106,1916,1885,0,0,0.14,CQT
8/20/2014,76,67,84,64,85,51,97,1900,1986,0,0,0.03,CQT
8/21/2014,73,65,80,64,85,53,96,1899,1982,0,0,0,CQT
8/22/2014,74,66,81,64,85,52,102,1901,1972,0,0.01,0.04,CQT
8/23/2014,76,66,85,64,85,54,100,1905,1968,0,0,0,CQT
8/24/2014,75,67,83,64,85,53,96,1900,1931,0,0,0.05,CQT
8/25/2014,72,64,80,64,85,52,102,1909,1985,0,0,0.01,CQT
8/26/2014,75,65,84,64,85,53,98,1885,1981,0,0,0.1,CQT
8/27/2014,79,66,91,64,85,53,103,1902,1981,0,0,0.96,CQT
8/28/2014,80,68,91,64,85,52,99,1902,1995,0,0.01,0.1,CQT
8/29/2014,78,65,90,64,85,51,102,1901,1884,0,0,0.08,CQT
8/30/2014,77,65,89,64,85,49,101,1901,1998,0,0,0.21,CQT
8/31/2014,78,69,87,64,85,52,103,1895,1967,0,0,0.61,CQT
9/1/2014,78,70,85,64,85,49,110,1901,1955,0,0,0.41,CQT
9/2/2014,76,68,84,64,85,51,108,1881,1955,0,0,0.02,CQT
9/3/2014,75,67,83,64,85,51,103,1892,1988,0,0,0.05,CQT
9/4/2014,73,66,80,64,85,52,110,1892,1988,0,0.01,0.3,CQT
9/5/2014,75,66,83,64,85,50,105,1898,1984,0,0,0.32,CQT
9/6/2014,76,65,86,64,84,48,102,1898,1955,0,0,0.17,CQT
9/7/2014,80,68,92,64,84,50,103,1884,1949,0,0,0,CQT
9/8/2014,80,71,88,64,84,47,103,1901,1984,0.01,0,0.19,CQT
9/9/2014,80,68,91,64,84,48,102,1884,1956,0,0.01,0.01,CQT
9/10/2014,76,64,87,64,84,52,103,1893,1983,0,0,1.74,CQT
9/11/2014,78,67,89,64,84,48,101,1901,1983,0,0.01,0.33,CQT
9/12/2014,80,68,91,64,84,48,102,1884,1971,0,0.01,0.13,CQT
9/13/2014,82,69,94,64,84,48,106,1884,1971,0,0,0.07,CQT
9/14/2014,85,71,98,63,84,48,100,1898,2012,0,0.01,0.04,CQT
9/15/2014,84,73,94,63,83,49,103,1895,2012,0,0.01,0.03,CQT
9/16/2014,90,76,103,63,83,48,103,1884,1909,0,0.01,0.07,CQT
9/17/2014,84,72,96,63,83,46,108,1884,1913,0,0.01,0.42,CQT
9/18/2014,74,67,81,63,83,48,103,1884,1939,0,0.01,1.39,CQT
9/19/2014,75,67,82,63,83,49,104,1907,1939,0,0.01,0.27,CQT
9/20/2014,72,66,78,63,83,49,107,1900,1939,0,0.01,0.29,CQT
9/21/2014,72,65,79,63,82,47,108,1880,1885,0,0.01,0.15,CQT
9/22/2014,72,63,80,63,82,48,104,1895,1883,0,0.02,0.4,CQT
9/23/2014,74,63,84,62,82,44,104,1880,1978,0,0.01,0.28,CQT
9/24/2014,75,62,88,62,82,45,106,1880,1978,0,0.01,1.95,CQT
9/25/2014,76,67,85,62,82,48,107,1879,1978,0,0.01,3.96,CQT
9/26/2014,74,65,83,62,82,48,109,1893,1963,0,0.01,0.24,CQT
9/27/2014,70,63,77,62,81,46,113,1901,2010,0,0.02,0.68,CQT
9/28/2014,72,64,79,62,81,49,106,1901,1963,0,0.01,0.74,CQT
9/29/2014,70,61,78,62,81,44,102,1880,1999,0,0.01,0.49,CQT
9/30/2014,75,64,85,62,81,48,105,1886,1906,0,0.02,1.58,CQT
10/1/2014,73,64,82,61,81,49,100,1901,1991,0,0.01,0.74,CQT
10/2/2014,81,64,98,61,81,44,101,1884,1995,0,0.02,0.53,CQT
10/3/2014,83,67,98,61,80,44,108,1884,1987,0,0.02,0.37,CQT
10/4/2014,81,65,97,61,80,44,108,1884,1987,0,0.01,0.24,CQT
10/5/2014,80,65,95,61,80,46,101,1884,1971,0,0.02,1.15,CQT
10/6/2014,78,64,92,61,80,44,102,1881,1971,0,0.02,0.3,CQT
10/7/2014,79,64,93,60,80,43,98,1884,1971,0,0.02,0.17,CQT
10/8/2014,75,63,87,60,80,43,100,1881,1994,0,0.02,0.42,CQT
10/9/2014,74,67,80,60,79,46,102,1879,1988,0,0.01,0.44,CQT
10/10/2014,72,64,79,60,79,46,107,1890,1991,0,0.02,0.71,CQT
10/11/2014,73,64,81,60,79,42,100,1879,1971,0,0.02,0.34,CQT
10/12/2014,74,67,81,60,79,43,99,1886,1950,0,0.02,0.43,CQT
10/13/2014,74,65,82,59,79,42,104,1886,1950,0,0.02,1.09,CQT
10/14/2014,71,66,76,59,79,44,103,1881,1961,0,0.02,1.75,CQT
10/15/2014,71,63,78,59,79,43,102,1881,1961,0,0.01,0.27,CQT
10/16/2014,69,61,77,59,79,44,104,1881,1958,0,0.02,0.35,CQT
10/17/2014,69,62,76,59,78,44,102,1881,1958,0,0.03,1.72,CQT
10/18/2014,70,61,78,58,78,44,97,1881,1940,0,0.02,0.48,CQT
10/19/2014,70,62,77,58,78,43,99,1881,1940,0,0.02,0.79,CQT
10/20/2014,71,63,79,58,78,43,96,1886,1964,0,0.02,3.16,CQT
10/21/2014,71,64,78,58,78,45,100,1882,1929,0,0.02,0.53,CQT
10/22/2014,72,60,84,58,78,40,100,1892,1965,0,0.02,0.77,CQT
10/23/2014,73,60,85,57,78,41,98,1892,1965,0,0.03,1.87,CQT
10/24/2014,74,59,88,57,78,43,99,1886,1909,0,0.02,0.55,CQT
10/25/2014,71,61,80,57,77,43,96,1886,1983,0,0.03,1.04,CQT
10/26/2014,70,61,78,57,77,45,95,1897,1879,0,0.02,1.74,CQT
10/27/2014,70,62,77,57,77,41,99,1886,1890,0,0.03,1.37,CQT
10/28/2014,69,59,78,56,77,45,94,1903,1931,0,0.03,0.56,CQT
10/29/2014,72,59,85,56,77,43,94,1878,1931,0,0.03,0.84,CQT
10/30/2014,71,60,81,56,77,41,99,1971,1939,0,0.03,1.02,CQT
10/31/2014,66,60,71,56,76,42,96,1886,1918,0.25,0.03,1.64,CQT
11/1/2014,61,55,67,56,76,38,100,1886,1966,0.18,0.03,0.44,CQT
11/2/2014,61,51,70,55,76,36,99,1886,1997,0,0.03,0.35,CQT
11/3/2014,65,52,77,55,76,41,97,1886,2010,0,0.02,0.35,CQT
11/4/2014,64,51,77,55,76,44,96,1923,2010,0,0.03,0.42,CQT
11/5/2014,69,53,85,55,75,41,94,1881,1898,0,0.03,0.56,CQT
11/6/2014,76,61,90,54,75,40,95,1879,2006,0,0.02,1.07,CQT
11/7/2014,75,60,89,54,75,41,97,1890,2006,0,0.03,3.85,CQT
11/8/2014,74,59,89,54,75,40,93,1888,1956,0,0.03,1.82,CQT
11/9/2014,68,58,77,54,75,43,94,1886,1996,0,0.03,3.41,CQT
11/10/2014,66,62,70,53,74,42,93,1880,1990,0,0.02,1.95,CQT
11/11/2014,66,62,69,53,74,39,94,1881,1900,0,0.03,1.55,CQT
11/12/2014,64,58,70,53,74,38,93,1978,1974,0,0.04,1.88,CQT
11/13/2014,63,55,70,53,74,35,96,1880,1933,0,0.03,0.99,CQT
11/14/2014,67,60,73,52,73,36,93,1880,1933,0,0.03,1.33,CQT
11/15/2014,65,58,72,52,73,40,93,1968,2008,0,0.03,1.64,CQT
11/16/2014,65,55,74,52,73,35,93,1880,1924,0,0.04,2.01,CQT
11/17/2014,65,53,76,52,73,36,91,1886,1945,0,0.04,1.58,CQT
11/18/2014,65,52,77,51,72,34,94,1881,1895,0,0.03,1.5,CQT
11/19/2014,64,53,74,51,72,34,92,1886,2006,0,0.04,3.61,CQT
11/20/2014,62,53,70,51,72,37,91,1906,2006,0,0.03,1.38,CQT
11/21/2014,64,55,73,51,71,39,93,1905,1924,0,0.04,2.97,CQT
11/22/2014,63,52,73,50,71,36,89,1882,1950,0,0.04,3.51,CQT
11/23/2014,69,57,80,50,71,39,91,2003,1933,0,0.05,0.91,CQT
11/24/2014,67,53,80,50,71,36,94,1895,1933,0,0.04,2.03,CQT
11/25/2014,66,52,80,50,70,36,92,1879,1977,0,0.04,0.78,CQT
11/26/2014,69,53,85,50,70,40,90,1880,1903,0,0.04,1.28,CQT
11/27/2014,74,58,89,49,70,37,90,1897,1903,0,0.05,0.99,CQT
11/28/2014,67,53,81,49,70,36,90,1906,1924,0,0.04,3.51,CQT
11/29/2014,63,51,74,49,69,37,87,1878,1995,0,0.04,2.43,CQT
11/30/2014,63,60,66,49,69,37,88,1906,1964,0.3,0.05,1.96,CQT
12/1/2014,63,57,69,49,69,38,85,1880,1972,0,0.05,1.4,CQT
12/2/2014,62,58,66,49,69,36,88,1884,1893,1.21,0.05,1.21,CQT
12/3/2014,63,59,67,48,69,36,89,1897,1958,0.31,0.05,1.59,CQT
12/4/2014,64,57,71,48,69,37,91,1909,1979,0,0.05,1.59,CQT
12/5/2014,63,57,69,48,68,38,89,1891,1979,0,0.06,1.81,CQT
12/6/2014,63,55,71,48,68,36,88,1897,1938,0,0.06,1.01,CQT
12/7/2014,65,54,76,48,68,32,88,1978,1940,0,0.06,2.78,CQT
12/8/2014,67,55,78,48,68,30,92,1978,1938,0,0.07,2.29,CQT
12/9/2014,65,54,76,48,68,32,85,1951,1973,0,0.06,1.7,CQT
12/10/2014,63,53,73,48,68,36,87,1951,1950,0,0.06,1.58,CQT
12/11/2014,64,60,67,48,68,34,86,1898,1895,0.01,0.07,1.65,CQT
12/12/2014,59,52,65,47,68,34,86,1878,1895,1.6,0.06,4.3,CQT
12/13/2014,57,48,66,47,67,31,83,1901,1952,0,0.07,1.67,CQT
12/14/2014,57,47,66,47,67,30,85,1878,1886,0,0.07,0.96,CQT
12/15/2014,56,47,65,47,67,36,85,1901,1998,0,0.07,2.26,CQT
12/16/2014,57,54,60,47,67,37,89,1897,1980,0.41,0.07,1.96,CQT
12/17/2014,58,51,65,47,67,34,85,1895,1998,0.15,0.08,1.97,CQT
12/18/2014,55,48,62,47,67,35,86,1885,1917,0,0.08,2.18,CQT
12/19/2014,58,49,66,47,67,32,86,1897,1917,0,0.08,2.8,CQT
12/20/2014,57,50,64,47,67,35,83,1887,1985,0,0.08,4.19,CQT
12/21/2014,59,50,68,47,67,30,85,1897,1917,0,0.08,1.57,CQT
12/22/2014,63,50,75,47,67,33,80,1990,1960,0,0.09,2.63,CQT
12/23/2014,67,51,83,47,67,33,86,1905,1989,0,0.08,1.84,CQT
12/24/2014,64,53,75,47,67,33,87,1879,1985,0,0.09,2.64,CQT
12/25/2014,58,50,65,47,67,30,85,1879,1980,0,0.09,3.01,CQT
12/26/2014,53,42,63,47,68,35,85,1987,1980,0,0.09,1.2,CQT
12/27/2014,51,39,63,47,68,36,85,1916,2013,0,0.1,1.81,CQT
12/28/2014,53,43,63,47,68,36,87,1954,1919,0,0.1,5.55,CQT
12/29/2014,52,41,63,47,68,35,89,1882,1897,0,0.11,3.84,CQT
12/30/2014,52,47,56,47,68,37,89,1945,1980,0.19,0.1,1.85,CQT
12/31/2014,49,41,57,47,68,36,86,1882,1897,0,0.1,4.86,CQT
1/1/2015,48,37,59,47,68,35,84,1884,1898,0,0.11,3.12,CQT
1/2/2015,50,39,61,47,68,32,85,1886,1994,0,0.1,1.57,CQT
1/3/2015,52,40,63,47,68,33,87,1949,1902,0,0.11,2.27,CQT
1/4/2015,56,42,69,47,68,28,87,1949,1902,0,0.1,3.24,CQT
1/5/2015,66,50,81,48,68,31,85,1949,1902,0,0.1,2.11,CQT
1/6/2015,71,57,84,48,68,30,85,1913,2006,0,0.1,2.3,CQT
1/7/2015,69,53,85,48,68,28,87,1913,1996,0,0.1,3.52,CQT
1/8/2015,63,51,75,48,68,32,90,1888,1923,0,0.1,1.19,CQT
1/9/2015,64,56,72,48,68,31,88,1888,1923,0,0.1,2.58,CQT
1/10/2015,58,52,63,48,68,31,87,1888,1986,0.48,0.11,3.3,CQT
1/11/2015,60,56,63,48,68,32,89,1949,1996,0.5,0.1,1.57,CQT
1/12/2015,60,53,66,48,68,33,88,1949,2009,0,0.11,1.4,CQT
1/13/2015,61,54,68,48,68,34,86,1950,1986,0,0.1,1.45,CQT
1/14/2015,60,47,73,48,68,34,88,2013,1975,0,0.1,1.56,CQT
1/15/2015,64,51,76,48,68,32,85,1888,2009,0,0.11,2.13,CQT
1/16/2015,64,50,77,48,68,31,86,1888,1976,0,0.1,2.74,CQT
1/17/2015,64,50,78,48,68,34,90,1888,1971,0,0.11,2.74,CQT
1/18/2015,64,53,75,48,68,37,95,1892,1971,0,0.1,2.3,CQT
1/19/2015,61,50,72,48,68,32,92,1889,1971,0,0.09,2.26,CQT
1/20/2015,58,53,63,48,68,30,85,1883,2009,0,0.1,3.3,CQT
1/21/2015,63,54,71,48,68,32,81,1937,1912,0,0.09,2.98,CQT
1/22/2015,61,47,75,48,68,34,84,1937,1994,0,0.09,3.69,CQT
1/23/2015,63,50,75,48,68,33,84,1937,1968,0,0.1,1.05,CQT
1/24/2015,66,49,82,48,68,36,85,1937,1992,0,0.09,2.04,CQT
1/25/2015,66,48,83,48,68,36,86,1898,1986,0,0.09,3.43,CQT
1/26/2015,69,57,80,48,68,31,86,1898,1987,0.08,0.1,5.71,CQT
1/27/2015,66,57,74,48,68,32,87,1898,1986,0,0.09,2.28,CQT
1/28/2015,66,56,75,48,68,35,90,1957,1971,0,0.1,2.81,CQT
1/29/2015,68,60,75,48,68,30,88,1880,1971,0,0.1,1.96,CQT
1/30/2015,65,59,70,48,68,35,85,1880,1992,0.03,0.11,2.19,CQT
1/31/2015,64,56,71,48,68,32,91,1880,2003,0,0.11,3.03,CQT
2/1/2015,63,49,76,48,68,34,88,1880,1995,0,0.12,2.26,CQT
2/2/2015,65,51,78,48,68,34,94,1901,1995,0,0.11,2.84,CQT
2/3/2015,62,51,72,49,68,30,94,1883,1995,0,0.12,1.84,CQT
2/4/2015,64,56,72,49,68,32,91,1883,1995,0,0.12,2.55,CQT
2/5/2015,68,53,82,49,68,33,89,1899,2007,0,0.13,2.3,CQT
2/6/2015,65,54,75,49,68,28,86,1883,1987,0,0.13,2.39,CQT
2/7/2015,62,54,69,49,68,32,89,1883,1996,0.02,0.13,1.6,CQT
2/8/2015,68,59,77,49,68,36,85,1899,1996,0,0.13,2.43,CQT
2/9/2015,66,58,73,49,68,33,85,1891,2006,0,0.14,1.92,CQT
2/10/2015,66,53,78,49,68,37,88,1890,1988,0,0.13,2.55,CQT
2/11/2015,70,55,85,49,68,35,88,1894,1971,0,0.13,2.12,CQT
2/12/2015,71,56,85,49,68,35,91,1949,1971,0,0.14,2.45,CQT
2/13/2015,73,57,88,49,69,35,90,1903,1985,0,0.14,2.71,CQT
2/14/2015,71,56,86,49,69,32,90,1903,1985,0,0.14,2.5,CQT
2/15/2015,67,54,80,49,69,33,88,1903,1985,0,0.14,2.78,CQT
2/16/2015,63,56,70,49,69,35,88,1903,1896,0,0.15,3.03,CQT
2/17/2015,64,57,71,50,69,33,89,1889,1890,0,0.16,2.18,CQT
2/18/2015,65,55,75,50,69,32,89,1882,1981,0,0.15,4.26,CQT
2/19/2015,65,57,72,50,69,34,91,1880,1995,0,0.15,2.32,CQT
2/20/2015,63,56,70,50,69,34,95,1882,1995,0,0.15,3.6,CQT
2/21/2015,63,57,69,50,69,35,88,1897,2002,0,0.15,2.08,CQT
2/22/2015,59,53,64,50,69,35,90,1897,2002,0.7,0.15,2.19,CQT
2/23/2015,58,50,65,50,69,35,90,1894,1954,0,0.14,2.11,CQT
2/24/2015,60,46,74,50,69,35,94,1890,1986,0,0.13,4.8,CQT
2/25/2015,62,51,72,50,69,40,92,1962,1921,0,0.14,2.33,CQT
2/26/2015,61,51,70,50,69,37,87,1894,2002,0,0.13,1.08,CQT
2/27/2015,61,55,66,50,69,38,86,1894,1992,0,0.13,2.17,CQT
2/28/2015,59,52,65,50,69,39,88,1962,1901,0.11,0.12,2.85,CQT
3/1/2015,58,50,65,50,69,36,88,1894,1967,0.66,0.11,3.42,CQT
3/2/2015,56,49,63,50,69,35,87,1896,1994,0.21,0.11,5.88,CQT
3/3/2015,58,48,67,50,69,38,85,1894,1931,0,0.12,3.12,CQT
3/4/2015,60,48,72,51,70,35,94,1976,1972,0,0.1,2.54,CQT
3/5/2015,64,51,77,51,70,35,87,1896,1899,0,0.11,1.98,CQT
3/6/2015,66,49,83,51,70,39,90,1882,1899,0,0.11,0.88,CQT
3/7/2015,70,54,86,51,70,40,89,1893,1914,0,0.1,2.52,CQT
3/8/2015,66,53,78,51,70,35,93,1882,2004,0,0.09,1.71,CQT
3/9/2015,65,57,73,51,70,31,90,1893,1934,0,0.1,2.67,CQT
3/10/2015,68,55,80,51,70,38,96,1893,1916,0,0.09,2.22,CQT
3/11/2015,67,60,73,51,70,41,93,1969,1916,0,0.09,1.45,CQT
3/12/2015,71,56,86,51,70,36,93,1893,2007,0,0.09,1.44,CQT
3/13/2015,76,61,90,51,70,40,90,1907,2015,0,0.09,2.23,CQT
3/14/2015,78,62,93,51,70,39,93,1895,2015,0,0.08,1.74,CQT
3/15/2015,79,66,92,51,70,37,92,1880,2015,0,0.08,4.1,CQT
3/16/2015,78,66,90,51,70,36,91,1880,1914,0,0.08,2.53,CQT
3/17/2015,73,63,82,51,70,37,94,1881,1914,0,0.06,1.28,CQT
3/18/2015,69,62,75,51,70,38,87,1898,1997,0,0.07,1.03,CQT
3/19/2015,68,60,76,51,70,37,97,1886,1997,0,0.07,1.45,CQT
3/20/2015,69,59,78,51,70,39,93,1898,1997,0,0.06,2.42,CQT
3/21/2015,69,62,75,51,71,35,93,1894,1931,0,0.06,1.34,CQT
3/22/2015,66,59,72,51,71,37,88,1894,1986,0,0.06,1.11,CQT
3/23/2015,65,57,73,51,71,36,88,1898,1926,0,0.06,2.08,CQT
3/24/2015,67,58,75,51,71,37,94,1898,1988,0,0.06,1.39,CQT
3/25/2015,72,60,84,51,71,37,96,1902,1988,0,0.06,2.19,CQT
3/26/2015,77,61,92,51,71,39,98,1907,1988,0,0.06,1.53,CQT
3/27/2015,77,62,91,52,71,37,91,1884,1986,0,0.05,1.98,CQT
3/28/2015,71,61,81,52,71,37,90,1892,1879,0,0.06,1.62,CQT
3/29/2015,67,56,78,52,71,41,99,1880,1879,0,0.05,1.04,CQT
3/30/2015,68,57,78,52,71,36,89,1892,2003,0,0.05,1.27,CQT
3/31/2015,65,57,73,52,71,40,92,1897,2011,0,0.05,1.65,CQT
4/1/2015,66,58,74,52,71,40,93,1897,1985,0,0.04,1.01,CQT
4/2/2015,65,54,75,52,71,39,96,1906,1985,0,0.05,1.43,CQT
4/3/2015,72,57,86,52,71,40,94,1892,1961,0,0.04,1.14,CQT
4/4/2015,72,59,84,52,72,43,100,1892,1989,0,0.04,1.44,CQT
4/5/2015,64,57,71,52,72,42,105,1921,1989,0,0.04,2.74,CQT
4/6/2015,60,53,67,52,72,40,106,1975,1989,0,0.04,0.84,CQT
4/7/2015,59,51,67,52,72,39,100,1975,1989,0.13,0.04,1.21,CQT
4/8/2015,60,49,70,53,72,36,92,1901,1989,0,0.04,2.19,CQT
4/9/2015,65,53,76,53,72,40,94,1900,1890,0,0.03,1.71,CQT
4/10/2015,63,54,71,53,72,41,96,1927,1904,0,0.04,0.63,CQT
4/11/2015,63,53,72,53,72,40,90,1896,1940,0,0.03,1.97,CQT
4/12/2015,67,57,77,53,72,42,97,1887,1888,0,0.03,1.9,CQT
4/13/2015,67,58,75,53,73,41,99,1893,1898,0,0.02,0.49,CQT
4/14/2015,66,58,73,53,73,39,95,1883,1964,0,0.03,0.83,CQT
4/15/2015,69,57,80,53,73,43,99,1917,1966,0,0.03,0.81,CQT
4/16/2015,68,54,81,54,73,42,91,1917,2011,0,0.03,2.1,CQT
4/17/2015,69,56,81,54,73,40,90,1896,1999,0,0.03,1.24,CQT
4/18/2015,69,56,81,54,73,40,91,1882,1939,0,0.03,1.27,CQT
4/19/2015,65,55,75,54,73,40,94,1880,2009,0,0.02,0.86,CQT
4/20/2015,63,55,70,54,73,38,100,1896,2009,0,0.03,1.28,CQT
4/21/2015,63,58,67,54,73,38,95,1896,2009,0,0.03,0.89,CQT
4/22/2015,63,57,69,54,73,44,99,1882,1910,0,0.02,0.96,CQT
4/23/2015,62,55,69,55,74,42,100,1896,1910,0,0.02,0.98,CQT
4/24/2015,62,57,67,55,74,44,93,1900,2001,0,0.03,0.41,CQT
4/25/2015,61,56,66,55,74,42,94,1882,1898,0,0.02,0.5,CQT
4/26/2015,66,54,77,55,74,42,99,1894,2004,0,0.02,1.62,CQT
4/27/2015,70,57,82,55,74,41,102,1900,2004,0,0.02,0.82,CQT
4/28/2015,77,61,92,55,74,41,96,1900,2008,0,0.03,1.02,CQT
4/29/2015,75,60,89,55,74,44,98,1901,1981,0,0.02,0.89,CQT
4/30/2015,73,60,86,56,74,44,96,1915,1996,0,0.02,0.96,CQT
5/1/2015,71,57,84,56,74,41,92,1915,2014,0,0.02,0.76,CQT
5/2/2015,70,59,80,56,74,44,98,1915,2004,0,0.02,0.54,CQT
5/3/2015,66,58,74,56,74,42,101,1883,2004,0,0.01,1.76,CQT
5/4/2015,63,56,69,56,74,44,93,1899,1987,0,0.01,0.66,CQT
5/5/2015,63,58,67,56,74,46,101,1920,1990,0,0.01,0.9,CQT
5/6/2015,63,58,67,56,74,43,97,1892,1990,0,0.02,1.53,CQT
5/7/2015,60,54,65,56,74,42,97,1892,1941,0.03,0.01,1,CQT
5/8/2015,57,50,63,56,74,43,97,1879,1984,0.18,0.01,2.02,CQT
5/9/2015,62,55,69,57,74,44,99,1879,1923,0,0.01,0.75,CQT
5/10/2015,63,54,72,57,74,43,95,1922,1934,0,0,0.15,CQT
5/11/2015,67,57,76,57,74,43,93,1890,1996,0,0.01,0.29,CQT
5/12/2015,65,57,72,57,74,44,94,1887,1979,0,0.01,1.18,CQT
5/13/2015,64,58,69,57,74,43,98,1880,1979,0,0.01,0.84,CQT
5/14/2015,61,53,68,57,74,45,99,1882,2014,0.69,0.01,0.97,CQT
5/15/2015,61,55,66,57,74,42,102,1883,2014,0.03,0.01,1.46,CQT
5/16/2015,64,56,71,57,74,40,102,1883,1967,0,0,0.04,CQT
5/17/2015,65,58,72,57,74,42,96,1880,1892,0,0.01,0.18,CQT
5/18/2015,66,60,71,57,75,45,99,1880,1892,0,0.01,0.26,CQT
5/19/2015,65,56,73,57,75,45,95,1893,1892,0,0,0.35,CQT
5/20/2015,65,57,72,58,75,45,99,1879,1942,0,0.01,0.84,CQT
5/21/2015,64,57,71,58,75,43,100,1902,1883,0,0.01,1.03,CQT
5/22/2015,63,57,69,58,75,44,94,1879,1967,0,0,0.67,CQT
5/23/2015,64,57,71,58,75,41,92,1881,1932,0,0.01,0.1,CQT
5/24/2015,64,58,70,58,75,45,95,1888,1896,0,0,0.48,CQT
5/25/2015,64,57,71,58,75,47,103,1916,1896,0,0.01,0.42,CQT
5/26/2015,64,59,69,58,75,46,96,1917,1896,0,0.01,0.21,CQT
5/27/2015,65,58,72,58,75,47,97,1879,1880,0,0,0.57,CQT
5/28/2015,66,57,75,58,75,48,101,1895,1973,0,0.01,1.14,CQT
5/29/2015,68,58,77,58,75,46,99,1881,1978,0,0,0.09,CQT
5/30/2015,68,59,77,58,75,48,95,1878,1972,0,0.01,0.14,CQT
5/31/2015,66,59,73,58,75,47,98,1908,1909,0,0,0.09,CQT
6/1/2015,67,59,75,58,75,47,100,1908,1879,0,0.01,0.57,CQT
6/2/2015,68,60,76,59,76,47,104,1895,1879,0,0,0.58,CQT
6/3/2015,68,61,74,59,76,49,99,1908,1879,0,0.01,0.49,CQT
6/4/2015,66,61,70,59,76,47,100,1885,1895,0,0,0.33,CQT
6/5/2015,67,60,73,59,76,50,98,1999,1890,0,0.01,0.76,CQT
6/6/2015,65,58,72,59,76,47,102,1887,1890,0,0,0.02,CQT
6/7/2015,69,60,77,59,76,48,105,1887,1890,0,0.01,0.1,CQT
6/8/2015,73,60,85,59,76,49,99,1894,1890,0,0,0.02,CQT
6/9/2015,74,62,86,59,77,50,94,1879,1979,0.01,0.01,0.32,CQT
6/10/2015,68,62,73,60,77,46,102,1892,1979,0,0,0.22,CQT
6/11/2015,69,62,75,60,77,48,105,1892,1979,0,0.01,0.11,CQT
6/12/2015,68,63,72,60,77,47,100,1894,1979,0,0,0.63,CQT
6/13/2015,68,63,72,60,77,46,99,1894,1896,0,0,0.53,CQT
6/14/2015,70,63,77,60,78,49,100,1894,1917,0,0.01,0.01,CQT
6/15/2015,70,62,78,60,78,48,102,1892,1981,0,0,0.22,CQT
6/16/2015,70,61,79,60,78,49,105,1895,1981,0,0,0.38,CQT
6/17/2015,70,62,78,61,78,49,105,1885,1917,0,0.01,0.02,CQT
6/18/2015,72,62,81,61,79,47,104,1885,1957,0,0,0.11,CQT
6/19/2015,70,58,82,61,79,48,101,1892,1973,0,0,0.01,CQT
6/20/2015,74,63,85,61,79,48,106,1881,1973,0,0,0.05,CQT
6/21/2015,73,64,82,61,79,50,105,1882,1973,0,0,0.07,CQT
6/22/2015,73,62,83,61,80,51,97,1885,1949,0,0,0.05,CQT
6/23/2015,74,63,84,61,80,49,97,1893,1976,0,0,0.03,CQT
6/24/2015,73,63,83,62,80,50,102,1882,1976,0,0,0.01,CQT
6/25/2015,72,62,81,62,80,49,98,1893,1883,0,0.01,0,CQT
6/26/2015,69,60,78,62,80,48,112,1894,1990,0,0,0.19,CQT
6/27/2015,70,62,77,62,81,49,109,1894,1990,0,0,0.39,CQT
6/28/2015,77,67,86,62,81,52,98,1887,1980,0,0,0,CQT
6/29/2015,80,68,91,62,81,50,98,1893,1996,0,0,0.03,CQT
6/30/2015,78,67,89,62,81,49,100,1894,1985,0,0,0.01,CQT
7/1/2014,76,66,86,66,85,48,97,1885,1970,0.13,0.16,5.09,IND
7/2/2014,71,63,79,66,85,50,99,1904,1970,0,0.16,4.5,IND
7/3/2014,67,60,73,66,85,49,100,1968,1911,0,0.15,1.89,IND
7/4/2014,67,54,79,66,85,48,103,1968,1911,0,0.15,2.4,IND
7/5/2014,69,59,79,66,85,49,103,1972,2012,0,0.16,3.27,IND
7/6/2014,74,64,83,66,85,48,105,2001,2012,0.03,0.15,1.64,IND
7/7/2014,74,68,79,66,85,54,105,1894,2012,0,0.16,4.43,IND
7/8/2014,74,67,81,66,85,51,104,1984,1936,0.32,0.16,2.6,IND
7/9/2014,72,62,81,66,85,52,103,1952,1936,0,0.16,2.49,IND
7/10/2014,71,61,80,66,85,50,105,1963,1936,0,0.16,1.52,IND
7/11/2014,71,60,81,66,85,52,104,1945,1936,0,0.16,2.49,IND
7/12/2014,74,67,80,66,85,53,103,1975,1936,0.07,0.16,2.7,IND
7/13/2014,78,72,84,66,85,49,103,1976,1936,0,0.17,2.78,IND
7/14/2014,75,65,85,66,85,48,106,1975,1936,0.39,0.16,2.96,IND
7/15/2014,64,56,71,66,85,51,103,1967,1988,0,0.17,2.05,IND
7/16/2014,63,53,72,66,85,49,98,1945,1988,0,0.15,2.32,IND
7/17/2014,65,53,77,66,85,51,101,1976,2012,0,0.15,3.71,IND
7/18/2014,68,57,78,66,85,51,100,1976,1954,0,0.15,2.61,IND
7/19/2014,68,58,77,66,85,50,98,1984,1930,0,0.14,1.31,IND
7/20/2014,71,60,81,66,85,49,103,1947,1934,0,0.13,4,IND
7/21/2014,74,62,85,66,85,46,106,1944,1934,0,0.14,1.89,IND
7/22/2014,78,67,88,66,85,49,106,1947,1901,0,0.14,1.82,IND
7/23/2014,69,62,76,66,85,46,102,1947,1934,1.61,0.14,1.61,IND
7/24/2014,67,58,76,66,85,52,105,1947,1934,0,0.14,1.98,IND
7/25/2014,65,56,74,66,85,51,105,1911,1934,0,0.13,2.61,IND
7/26/2014,75,67,82,66,85,51,98,1911,1941,0.1,0.13,2.41,IND
7/27/2014,76,66,85,66,85,51,100,1962,1916,0.22,0.12,1.86,IND
7/28/2014,65,57,73,66,85,51,101,2013,1930,0,0.12,2.95,IND
7/29/2014,64,52,75,66,85,51,100,1881,1941,0.21,0.13,0.8,IND
7/30/2014,68,57,78,66,84,51,103,1965,1940,0.02,0.13,1.63,IND
7/31/2014,70,59,80,66,84,49,98,1895,1913,0,0.12,2.84,IND
8/1/2014,72,61,82,65,84,53,97,1971,1887,0.01,0.11,2.86,IND
8/2/2014,73,63,82,65,84,52,98,1927,1888,0,0.11,2.53,IND
8/3/2014,73,61,84,65,84,50,98,1965,1897,0,0.11,1.72,IND
8/4/2014,74,62,85,65,84,49,99,1912,1887,0,0.1,3.81,IND
8/5/2014,73,65,81,65,84,51,103,1974,1918,0,0.1,1.65,IND
8/6/2014,71,63,79,65,84,50,99,1994,1918,0,0.11,4.46,IND
8/7/2014,71,64,78,65,84,49,98,1989,1930,0,0.1,1.08,IND
8/8/2014,70,65,74,65,84,48,98,1989,2012,0.03,0.09,1.51,IND
8/9/2014,76,68,83,65,84,50,99,1884,1930,0,0.1,2.36,IND
8/10/2014,77,70,84,65,84,50,99,1972,1911,0.13,0.1,1.25,IND
8/11/2014,75,68,82,65,84,52,99,1967,1941,0.1,0.09,2.07,IND
8/12/2014,65,58,71,65,84,47,101,2004,1881,0,0.1,1.93,IND
8/13/2014,67,55,79,65,84,48,98,1964,1936,0,0.09,3.08,IND
8/14/2014,70,59,81,65,84,48,95,1964,1871,0,0.09,2.72,IND
8/15/2014,63,49,77,65,84,45,96,1979,2010,0,0.1,2.26,IND
8/16/2014,67,59,75,65,84,50,102,1979,1988,0.09,0.1,1.43,IND
8/17/2014,73,65,81,65,84,52,99,1963,1988,0.03,0.11,3.18,IND
8/18/2014,76,65,86,65,84,48,98,1963,1936,0,0.11,1.61,IND
8/19/2014,76,65,86,64,84,50,100,1896,1936,0.5,0.1,1.65,IND
8/20/2014,74,64,83,64,84,50,99,1897,1983,0,0.11,2.22,IND
8/21/2014,78,70,86,64,84,47,100,1950,1936,0.16,0.1,1.23,IND
8/22/2014,80,73,86,64,84,46,101,1950,1936,0.02,0.1,1.9,IND
8/23/2014,79,70,88,64,84,46,96,1890,1936,0.81,0.1,2.07,IND
8/24/2014,78,70,86,64,84,49,98,1927,1936,0,0.09,1.75,IND
8/25/2014,81,71,90,64,84,49,96,1887,1948,0.78,0.1,1.41,IND
8/26/2014,81,69,93,63,84,48,97,1945,1948,0.26,0.11,1.9,IND
8/27/2014,79,70,88,63,84,48,97,1968,1948,0,0.1,2.6,IND
8/28/2014,75,66,84,63,83,43,96,1986,1953,0,0.1,2.44,IND
8/29/2014,78,68,87,63,83,41,97,1965,1953,0,0.1,1.38,IND
8/30/2014,75,71,78,63,83,42,95,1986,1953,0.02,0.1,2.16,IND
8/31/2014,76,69,83,62,83,44,97,1915,1951,0.01,0.1,2.43,IND
9/1/2014,77,71,82,62,83,44,100,1987,1953,0,0.1,7.2,IND
9/2/2014,72,65,79,62,82,45,100,1885,1953,1,0.1,2.1,IND
9/3/2014,74,64,83,61,82,45,100,1952,2011,0,0.1,2.63,IND
9/4/2014,77,66,87,61,82,46,98,1952,1954,0,0.09,6.8,IND
9/5/2014,80,70,90,61,82,45,100,1974,1954,0.02,0.1,1.54,IND
9/6/2014,67,60,73,60,81,44,99,1988,1954,0,0.1,1.19,IND
9/7/2014,65,54,76,60,81,42,98,1988,1939,0,0.11,2.71,IND
9/8/2014,68,56,79,60,81,38,97,1986,1939,0,0.1,2.61,IND
9/9/2014,69,57,81,59,80,41,98,1883,1939,0,0.1,2.34,IND
9/10/2014,75,67,82,59,80,40,96,1969,2013,0.9,0.11,2.6,IND
9/11/2014,64,56,71,58,80,39,95,1917,1897,0,0.11,1.78,IND
9/12/2014,59,53,64,58,79,40,96,1955,1897,0,0.11,1.08,IND
9/13/2014,55,47,63,58,79,39,99,1975,1939,0,0.11,1.8,IND
9/14/2014,57,46,68,57,79,37,100,1964,1939,0,0.11,2.93,IND
9/15/2014,57,49,65,57,78,42,100,1974,1939,0.54,0.11,2.21,IND
9/16/2014,59,50,67,56,78,39,96,1984,1939,0.01,0.09,2.53,IND
9/17/2014,56,45,67,56,77,40,93,1984,1955,0,0.1,1.07,IND
9/18/2014,61,49,72,55,77,39,95,1959,1953,0,0.09,1.64,IND
9/19/2014,63,53,73,55,76,38,93,1956,1940,0,0.11,2.29,IND
9/20/2014,67,54,80,54,76,36,94,1991,1940,0.02,0.1,2.2,IND
9/21/2014,65,56,74,54,76,35,96,1875,2010,0.04,0.11,1.61,IND
9/22/2014,57,47,66,53,75,37,93,1999,1895,0,0.11,1.22,IND
9/23/2014,60,47,72,53,75,34,94,1974,2010,0,0.11,2.11,IND
9/24/2014,62,47,76,53,74,34,92,1887,2007,0,0.1,1.29,IND
9/25/2014,66,54,78,52,74,35,92,1950,1891,0,0.11,2.17,IND
9/26/2014,69,55,82,52,73,37,91,2001,1891,0,0.1,1.62,IND
9/27/2014,69,56,81,51,73,35,93,1991,1998,0,0.11,2.59,IND
9/28/2014,71,58,83,51,72,33,91,1942,1939,0,0.11,1.41,IND
9/29/2014,68,54,82,50,72,34,97,1970,1953,0,0.1,2.45,IND
9/30/2014,62,52,71,50,72,30,89,1899,1971,0,0.11,1.88,IND
10/1/2014,63,49,76,50,71,32,89,1946,1897,0,0.1,2.74,IND
10/2/2014,71,60,81,49,71,29,89,1974,1953,0.14,0.11,1.39,IND
10/3/2014,59,44,73,49,70,27,90,1974,1954,0.28,0.11,2.61,IND
10/4/2014,45,40,49,48,70,31,90,1987,1951,0,0.11,1.55,IND
10/5/2014,50,40,59,48,69,31,87,1968,1922,0.13,0.1,2.93,IND
10/6/2014,55,42,67,48,69,30,89,1980,2007,0.02,0.11,1.45,IND
10/7/2014,54,46,62,47,69,27,90,1952,2007,0.33,0.1,1.65,IND
10/8/2014,56,43,68,47,68,28,91,1987,2007,0,0.1,1.02,IND
10/9/2014,51,45,56,47,68,30,88,1989,1939,0.02,0.11,1.25,IND
10/10/2014,52,49,54,46,67,27,88,1964,2010,0.01,0.1,3.88,IND
10/11/2014,50,42,57,46,67,26,86,1906,2010,0,0.1,1.56,IND
10/12/2014,54,45,62,46,67,26,86,1988,1879,0.3,0.1,3.01,IND
10/13/2014,67,58,76,45,66,24,86,1988,1975,0.57,0.1,0.92,IND
10/14/2014,61,55,67,45,66,24,86,1979,1899,0.56,0.1,1.71,IND
10/15/2014,55,53,56,45,66,27,87,1876,1897,0.18,0.1,1.14,IND
10/16/2014,56,51,61,45,65,26,85,1991,1897,0,0.1,1.65,IND
10/17/2014,59,50,68,44,65,26,86,1948,1950,0,0.1,1.45,IND
10/18/2014,50,46,54,44,65,22,84,1948,1953,0.09,0.1,2.15,IND
10/19/2014,50,43,56,44,64,25,85,1992,1953,0,0.1,1.33,IND
10/20/2014,57,46,68,44,64,23,86,1972,1953,0.01,0.1,1.33,IND
10/21/2014,51,44,57,43,64,23,86,1952,1953,0.02,0.09,1.43,IND
10/22/2014,48,38,57,43,63,23,85,1976,1947,0,0.1,1.84,IND
10/23/2014,49,37,60,43,63,24,86,1969,1963,0,0.09,1.57,IND
10/24/2014,53,40,66,42,62,20,81,1981,1963,0,0.09,1.52,IND
10/25/2014,63,50,76,42,62,25,82,1887,1963,0,0.09,1.54,IND
10/26/2014,55,42,68,42,62,20,82,1962,1963,0,0.1,2.45,IND
10/27/2014,66,51,80,42,61,24,83,1976,1940,0,0.1,1.71,IND
10/28/2014,58,46,70,41,61,20,82,1976,1927,0.31,0.1,1.72,IND
10/29/2014,47,39,54,41,61,22,81,1952,1922,0,0.1,1.16,IND
10/30/2014,44,34,53,41,60,22,82,1895,1950,0,0.11,1.3,IND
10/31/2014,40,33,47,41,60,24,82,1988,1950,0.2,0.1,2.01,IND
11/1/2014,36,29,43,40,59,24,81,1949,1950,0,0.12,1.95,IND
11/2/2014,37,24,50,40,59,16,78,1951,1961,0,0.11,3.86,IND
11/3/2014,54,42,66,40,59,11,77,1951,1987,0,0.12,0.65,IND
11/4/2014,51,44,57,39,58,16,78,1951,2003,0.3,0.11,1.6,IND
11/5/2014,47,40,54,39,58,15,76,1991,1975,0,0.12,1.92,IND
11/6/2014,43,39,47,39,57,20,77,1982,1975,0.09,0.12,1.2,IND
11/7/2014,40,33,46,38,57,16,76,1971,1915,0,0.11,3.51,IND
11/8/2014,42,36,48,38,56,13,76,1991,1999,0,0.12,1.23,IND
11/9/2014,40,29,51,38,56,17,76,1991,1999,0,0.11,1.15,IND
11/10/2014,50,38,62,37,55,17,75,1957,1949,0,0.11,1.54,IND
11/11/2014,48,34,61,37,55,18,76,1995,1927,0.06,0.12,1.63,IND
11/12/2014,31,27,34,37,54,14,75,1911,1949,0,0.12,1.64,IND
11/13/2014,24,20,27,36,54,10,77,1986,1955,0,0.13,2.02,IND
11/14/2014,25,17,32,36,53,11,76,1986,1971,0,0.14,4.15,IND
11/15/2014,26,17,34,36,53,12,74,1933,1971,0,0.13,2.55,IND
11/16/2014,32,28,35,35,52,10,74,1883,1952,0.22,0.13,1.68,IND
11/17/2014,21,13,29,35,52,4,77,1959,1958,0,0.13,2.48,IND
11/18/2014,14,9,19,34,51,5,73,1880,1941,0,0.14,4.3,IND
11/19/2014,26,14,37,34,51,-3,76,1880,1930,0,0.13,2.74,IND
11/20/2014,24,17,30,33,50,8,75,1914,1942,0,0.13,1.73,IND
11/21/2014,23,12,33,33,49,2,73,1880,1990,0,0.14,3.71,IND
11/22/2014,43,30,56,33,49,-5,74,1880,1900,0.02,0.13,1.68,IND
11/23/2014,50,44,55,32,48,1,73,1880,1999,1.91,0.13,1.91,IND
11/24/2014,46,36,55,32,48,-1,65,1950,1973,0.18,0.13,1.23,IND
11/25/2014,31,26,36,31,47,-2,69,1950,1908,0,0.12,2.19,IND
11/26/2014,30,26,34,31,47,3,70,1898,1984,0,0.12,1.16,IND
11/27/2014,28,24,31,31,46,1,70,1930,1990,0,0.12,2.03,IND
11/28/2014,27,19,34,30,46,2,69,1930,1909,0,0.12,1.82,IND
11/29/2014,44,30,57,30,45,-1,70,1872,1927,0,0.12,1,IND
11/30/2014,52,39,64,29,45,-2,68,1958,1927,0.02,0.12,1.81,IND
12/1/2014,33,26,39,29,44,4,70,1886,1970,0.02,0.1,1.39,IND
12/2/2014,30,26,33,29,44,-3,74,1886,1982,0.01,0.11,1.84,IND
12/3/2014,36,28,43,28,43,-2,69,1929,1982,0.01,0.1,3.46,IND
12/4/2014,32,29,35,28,43,5,70,1991,1998,0.06,0.1,0.98,IND
12/5/2014,37,34,40,27,42,8,70,1886,2001,0.98,0.11,1.14,IND
12/6/2014,35,30,40,27,42,-1,73,1977,1998,0.26,0.1,1.05,IND
12/7/2014,33,26,39,27,41,-7,65,1882,1951,0,0.1,1.15,IND
12/8/2014,36,31,41,26,41,-10,66,1882,1966,0.06,0.11,1.58,IND
12/9/2014,36,32,39,26,41,-15,65,1876,1952,0.01,0.11,1.39,IND
12/10/2014,33,30,35,26,40,-8,66,1917,1971,0,0.1,1.37,IND
12/11/2014,31,25,37,25,40,-9,66,1977,1931,0,0.1,1.87,IND
12/12/2014,29,22,35,25,40,-7,63,1962,1927,0,0.1,1.06,IND
12/13/2014,40,34,46,25,39,-4,65,1962,1975,0,0.1,1.73,IND
12/14/2014,45,41,48,25,39,-4,68,1901,1984,0,0.09,2.12,IND
12/15/2014,43,41,44,24,39,-10,69,1951,1948,0.01,0.1,1.45,IND
12/16/2014,39,31,46,24,38,-15,65,1951,1948,0.19,0.1,0.81,IND
12/17/2014,27,23,31,24,38,-10,64,1989,1984,0,0.1,1.64,IND
12/18/2014,25,22,27,24,38,-10,65,1884,1877,0,0.09,2.05,IND
12/19/2014,24,19,29,23,38,-12,67,1884,1877,0,0.1,1.49,IND
12/20/2014,29,25,32,23,37,-12,66,1963,1949,0,0.1,0.82,IND
12/21/2014,28,20,36,23,37,-21,67,1989,1967,0,0.11,2.57,IND
12/22/2014,37,27,46,23,37,-23,61,1989,1949,0.04,0.11,1.62,IND
12/23/2014,50,45,55,23,37,-15,64,1989,1933,0.17,0.11,1.71,IND
12/24/2014,40,34,45,22,37,-17,68,1983,1889,0.52,0.1,1.54,IND
12/25/2014,36,31,41,22,36,-15,64,1983,1893,0.01,0.11,1.36,IND
12/26/2014,41,30,52,22,36,-5,67,1983,1875,0,0.11,1.22,IND
12/27/2014,40,33,46,22,36,-7,68,1925,2008,0.2,0.1,1.95,IND
12/28/2014,28,22,33,22,36,-13,65,1924,1984,0,0.1,2.02,IND
12/29/2014,29,20,37,22,36,-13,66,1880,1889,0,0.1,1.36,IND
12/30/2014,23,15,31,21,36,-14,67,1983,1965,0,0.1,1.94,IND
12/31/2014,16,9,23,21,36,-9,68,1967,1951,0,0.1,1.62,IND
1/1/2015,26,18,34,21,36,-12,69,1968,1876,0,0.1,3.81,IND
1/2/2015,32,25,39,21,36,-12,65,1887,2006,0,0.1,1.58,IND
1/3/2015,43,33,52,21,36,-22,65,1879,1950,0.79,0.1,2.82,IND
1/4/2015,28,12,44,21,36,-15,66,1879,1998,0.01,0.1,2.44,IND
1/5/2015,9,4,14,21,35,-25,61,1884,1955,0.11,0.1,2.7,IND
1/6/2015,14,9,19,21,35,-20,63,1884,2008,0.08,0.09,1.48,IND
1/7/2015,3,-6,12,21,35,-17,68,1970,2008,0,0.09,1.58,IND
1/8/2015,7,-7,20,21,35,-13,63,1970,1965,0,0.1,1.41,IND
1/9/2015,11,1,21,21,35,-18,66,1875,1880,0,0.09,1.15,IND
1/10/2015,11,-3,24,20,35,-16,62,1982,1975,0,0.09,1.29,IND
1/11/2015,28,21,34,20,35,-16,70,1977,1890,0.43,0.08,1.16,IND
1/12/2015,25,19,31,20,35,-19,69,1918,1890,0.19,0.09,1.28,IND
1/13/2015,16,8,23,20,35,-10,64,1997,1950,0,0.09,1.47,IND
1/14/2015,13,5,21,20,35,-7,65,1957,1928,0,0.08,1.77,IND
1/15/2015,25,13,36,20,35,-17,66,1972,1932,0,0.08,1.68,IND
1/16/2015,32,21,42,20,35,-20,66,1972,1990,0,0.08,1.42,IND
1/17/2015,39,27,51,20,35,-20,67,1977,1952,0,0.09,1.11,IND
1/18/2015,36,28,44,20,35,-22,64,1994,1929,0.01,0.08,1.96,IND
1/19/2015,35,23,47,20,35,-27,69,1994,1907,0,0.08,0.94,IND
1/20/2015,40,30,50,20,36,-22,70,1985,1906,0,0.08,1.26,IND
1/21/2015,37,30,43,20,36,-21,68,1984,1906,0,0.08,2.25,IND
1/22/2015,31,28,33,20,36,-17,64,1936,1964,0,0.07,1.87,IND
1/23/2015,29,24,34,20,36,-18,67,1936,1909,0,0.08,0.9,IND
1/24/2015,30,20,39,20,36,-16,70,1963,1967,0,0.08,1.06,IND
1/25/2015,29,20,37,20,36,-14,71,1897,1950,0.04,0.08,0.92,IND
1/26/2015,22,17,26,20,36,-12,67,1897,1944,0,0.08,1.41,IND
1/27/2015,25,20,29,21,36,-10,66,1936,1916,0.01,0.08,1.14,IND
1/28/2015,25,15,34,21,36,-18,65,1963,2002,0,0.08,2,IND
1/29/2015,38,30,45,21,36,-13,66,1873,2002,0,0.08,1.5,IND
1/30/2015,26,20,31,21,36,-11,65,1966,2013,0.01,0.08,1.47,IND
1/31/2015,26,16,36,21,37,-11,66,2004,1917,0.13,0.08,1.26,IND
2/1/2015,30,27,33,21,37,-11,63,1951,1911,0.29,0.08,1.21,IND
2/2/2015,20,13,27,21,37,-19,59,1951,1911,0.01,0.09,1.24,IND
2/3/2015,26,16,36,21,37,-11,62,1996,1992,0,0.08,2.5,IND
2/4/2015,29,15,42,21,37,-12,69,1996,1890,0.07,0.08,1.68,IND
2/5/2015,15,5,24,22,37,-16,66,1979,1927,0,0.09,1.83,IND
2/6/2015,25,12,37,22,38,-12,64,1977,1925,0,0.07,1.14,IND
2/7/2015,42,28,55,22,38,-11,66,1977,1925,0,0.08,1.53,IND
2/8/2015,47,36,57,22,38,-14,68,1895,1937,0,0.08,0.78,IND
2/9/2015,31,26,36,22,38,-18,66,1899,1943,0,0.08,2.04,IND
2/10/2015,27,18,36,23,39,-21,73,1982,1932,0,0.09,1.56,IND
2/11/2015,32,25,39,23,39,-9,75,1885,1999,0,0.08,1.87,IND
2/12/2015,20,13,27,23,39,-10,66,1899,1984,0,0.08,2.67,IND
2/13/2015,20,9,31,23,39,-17,67,1899,1938,0,0.08,1.48,IND
2/14/2015,18,6,30,24,40,-14,65,1905,1954,0,0.09,1.37,IND
2/15/2015,12,4,20,24,40,-8,72,1875,1954,0,0.08,1.5,IND
2/16/2015,11,6,16,24,40,-7,72,1943,1883,0.14,0.08,1.58,IND
2/17/2015,14,1,26,24,41,-9,69,1903,1911,0.01,0.08,0.91,IND
2/18/2015,9,0,17,25,41,-11,66,1936,1961,0.07,0.08,1.58,IND
2/19/2015,2,-5,9,25,41,-8,69,1979,1930,0,0.08,1.21,IND
2/20/2015,6,-6,18,25,42,-8,67,1885,1983,0,0.08,3.02,IND
2/21/2015,26,16,35,26,42,-4,68,1963,1930,0.47,0.08,1.53,IND
2/22/2015,22,15,29,26,43,-9,70,1963,1922,0,0.08,2.09,IND
2/23/2015,11,3,19,26,43,-1,71,1889,2000,0.01,0.09,1.1,IND
2/24/2015,10,-6,25,26,43,-6,71,2015,2000,0,0.08,1.05,IND
2/25/2015,24,14,33,27,44,-7,76,1900,2000,0,0.09,2.35,IND
2/26/2015,16,7,25,27,44,-6,68,1963,1998,0.04,0.09,2.49,IND
2/27/2015,10,2,18,27,45,-7,73,1963,1996,0,0.09,1.11,IND
2/28/2015,16,7,25,28,45,2,68,1993,1895,0.23,0.09,1.17,IND
3/1/2015,27,22,31,28,45,-4,71,1960,1976,0.53,0.1,1.9,IND
3/2/2015,24,14,34,28,46,-7,74,1980,1992,0,0.09,1.56,IND
3/3/2015,33,26,40,29,46,-5,77,1943,1992,0.28,0.09,2.01,IND
3/4/2015,27,19,35,29,47,2,78,1873,1983,0.07,0.1,3,IND
3/5/2015,16,8,23,29,47,-1,75,1978,1956,0,0.1,3.06,IND
3/6/2015,16,2,30,30,47,-6,75,1960,1973,0,0.11,1.21,IND
3/7/2015,32,21,42,30,48,-1,78,1943,1974,0,0.11,1.45,IND
3/8/2015,38,27,49,30,48,-6,80,1943,1974,0,0.1,2.28,IND
3/9/2015,40,31,48,31,49,-1,72,1984,1878,0,0.11,1.61,IND
3/10/2015,45,40,49,31,49,8,74,1934,2009,0.4,0.11,2.54,IND
3/11/2015,49,34,64,31,50,3,77,1948,1990,0,0.1,2.01,IND
3/12/2015,46,31,60,32,50,-5,76,1948,1990,0,0.11,1.97,IND
3/13/2015,48,42,53,32,51,3,80,1960,2007,0.51,0.11,1.51,IND
3/14/2015,51,43,59,32,51,10,81,1891,2012,0.43,0.11,3.02,IND
3/15/2015,49,33,65,33,51,6,80,1975,2012,0,0.12,3.06,IND
3/16/2015,61,47,74,33,52,3,79,1900,1945,0,0.11,1.36,IND
3/17/2015,47,33,60,33,52,2,77,1900,2012,0,0.12,1.35,IND
3/18/2015,37,27,46,34,53,7,80,1941,2012,0,0.13,2.03,IND
3/19/2015,45,40,50,34,53,7,82,1923,2012,0.02,0.12,1.9,IND
3/20/2015,44,39,48,34,54,3,83,1885,2012,0.03,0.12,2.13,IND
3/21/2015,49,34,63,34,54,11,84,1876,2012,0,0.12,1.06,IND
3/22/2015,44,36,52,35,54,9,82,1888,1907,0,0.13,2.36,IND
3/23/2015,36,30,41,35,55,12,80,1885,1939,0.03,0.12,1.48,IND
3/24/2015,35,26,44,35,55,2,84,1974,1910,0.04,0.13,2.76,IND
3/25/2015,48,42,54,36,56,5,81,1974,2007,0.63,0.13,4.7,IND
3/26/2015,40,34,45,36,56,8,80,1955,1907,0.5,0.12,1.98,IND
3/27/2015,28,21,35,36,56,11,84,1955,1910,0,0.13,2.27,IND
3/28/2015,29,17,40,37,57,16,82,1934,1910,0,0.12,1.75,IND
3/29/2015,38,24,51,37,57,16,82,1887,1895,0.06,0.13,1.46,IND
3/30/2015,49,36,61,37,58,17,82,1923,1986,0,0.13,1.56,IND
3/31/2015,54,44,63,38,58,13,85,1923,1981,0,0.13,1.56,IND
4/1/2015,53,37,69,38,58,20,82,1923,2010,0,0.13,2.85,IND
4/2/2015,62,52,72,38,59,20,81,1961,2010,0.29,0.12,2.08,IND
4/3/2015,50,39,61,39,59,21,84,1879,2012,0.11,0.11,1.92,IND
4/4/2015,43,30,55,39,59,23,80,1975,1929,0,0.12,1.48,IND
4/5/2015,49,34,64,39,60,20,84,1995,1988,0,0.12,1.87,IND
4/6/2015,55,47,62,40,60,22,83,1979,2010,0,0.12,1.9,IND
4/7/2015,61,56,66,40,61,19,83,1982,2001,0.32,0.12,2.08,IND
4/8/2015,64,55,72,40,61,18,83,1972,2001,0.74,0.13,2.15,IND
4/9/2015,71,61,80,41,61,18,84,1997,2001,0.24,0.13,1.26,IND
4/10/2015,56,42,69,41,62,23,84,1989,1930,0.04,0.13,1.97,IND
4/11/2015,50,38,62,41,62,24,89,1973,1930,0,0.12,1.72,IND
4/12/2015,57,43,70,42,62,20,86,1940,1930,0,0.12,0.8,IND
4/13/2015,64,56,71,42,63,18,86,1950,1941,0.04,0.12,1.13,IND
4/14/2015,58,51,64,42,63,24,85,1943,1883,0,0.13,1.55,IND
4/15/2015,58,46,69,43,63,24,84,1928,2002,0.07,0.12,1.42,IND
4/16/2015,61,53,68,43,64,21,87,1875,1896,0.2,0.12,2.08,IND
4/17/2015,61,46,76,43,64,19,87,1875,1896,0,0.13,1.9,IND
4/18/2015,64,51,76,44,64,19,87,1875,1977,0,0.13,2.29,IND
4/19/2015,62,56,67,44,65,23,85,1983,2002,0.93,0.13,3.06,IND
4/20/2015,52,45,58,44,65,23,85,1897,1915,0.3,0.12,2.66,IND
4/21/2015,52,41,62,45,65,28,84,1907,1985,0,0.13,1.85,IND
4/22/2015,44,37,50,45,66,27,85,1936,1960,0.1,0.13,2.34,IND
4/23/2015,45,32,57,45,66,26,88,1986,1925,0,0.13,1.46,IND
4/24/2015,47,32,62,46,66,28,90,1910,1925,0,0.13,1.65,IND
4/25/2015,50,44,56,46,67,27,87,1919,1915,0.62,0.14,2.56,IND
4/26/2015,49,39,58,46,67,31,87,1976,1915,0,0.13,1.48,IND
4/27/2015,47,35,58,47,67,30,84,1976,1962,0,0.13,1.56,IND
4/28/2015,51,39,63,47,68,28,86,1976,1894,0,0.14,1.71,IND
4/29/2015,54,41,67,47,68,31,86,1976,1942,0,0.14,1.71,IND
4/30/2015,53,44,61,48,68,31,90,1948,1942,0,0.14,1.66,IND
5/1/2015,55,39,71,48,68,29,89,1963,1942,0,0.16,1.76,IND
5/2/2015,62,49,75,48,69,31,87,1961,1959,0,0.15,2.93,IND
5/3/2015,66,53,78,49,69,29,86,2005,1949,0,0.16,1.56,IND
5/4/2015,67,58,76,49,69,30,88,1976,1949,0.13,0.16,1.47,IND
5/5/2015,73,62,83,49,70,35,92,1957,1952,0,0.16,1.79,IND
5/6/2015,74,61,86,49,70,31,89,1968,1949,0,0.16,2.56,IND
5/7/2015,75,64,86,50,70,31,87,1974,1926,0,0.16,2.1,IND
5/8/2015,74,63,85,50,70,31,90,1976,1896,0,0.16,2.34,IND
5/9/2015,73,66,80,50,71,29,93,1947,1895,0.05,0.16,1.08,IND
5/10/2015,74,64,83,51,71,28,92,1966,1896,0.05,0.16,1.92,IND
5/11/2015,70,61,78,51,71,31,89,1945,1896,0.06,0.17,1.95,IND
5/12/2015,57,50,64,51,72,33,88,1976,1881,0,0.17,2.15,IND
5/13/2015,55,43,67,52,72,35,88,1878,1956,0,0.18,1.96,IND
5/14/2015,60,49,70,52,72,33,88,1895,1881,0,0.17,1.84,IND
5/15/2015,71,60,82,52,72,35,88,1973,2001,0.12,0.16,1.97,IND
5/16/2015,68,64,71,53,73,32,90,1997,1900,0.53,0.17,1.6,IND
5/17/2015,72,64,79,53,73,36,90,1973,1962,0,0.17,2.3,IND
5/18/2015,71,62,79,53,73,35,90,1973,1962,0,0.17,2.36,IND
5/19/2015,57,48,65,54,74,32,90,2002,1977,0,0.17,1.36,IND
5/20/2015,48,43,52,54,74,38,90,1894,1977,0,0.16,1.68,IND
5/21/2015,56,47,64,54,74,36,92,2002,1941,0,0.18,2.69,IND
5/22/2015,60,44,76,55,75,35,93,1883,1941,0,0.16,2.16,IND
5/23/2015,67,55,79,55,75,37,92,1963,1939,0,0.16,3.13,IND
5/24/2015,72,59,85,55,75,37,90,1925,1965,0,0.17,1.55,IND
5/25/2015,73,67,79,56,76,34,93,1925,1965,0.01,0.16,1.35,IND
5/26/2015,72,64,80,56,76,35,94,1961,1911,0.07,0.16,2.33,IND
5/27/2015,73,63,82,56,76,31,94,1961,1911,0.07,0.15,1.62,IND
5/28/2015,72,60,84,57,76,39,96,1907,1911,0,0.16,1.5,IND
5/29/2015,75,65,84,57,77,36,93,1965,1895,0,0.16,2.19,IND
5/30/2015,75,66,84,57,77,37,94,1947,1895,1.28,0.15,3.8,IND
5/31/2015,61,55,67,58,77,36,96,1889,1895,0.08,0.16,2.61,IND
6/1/2015,58,52,64,58,78,39,96,2003,1934,0,0.14,1.95,IND
6/2/2015,60,49,70,58,78,39,100,1956,1934,0,0.15,3,IND
6/3/2015,61,51,71,59,78,40,100,1929,1895,0,0.14,2.89,IND
6/4/2015,70,57,82,59,79,43,95,1946,2011,0,0.14,2.87,IND
6/5/2015,75,63,87,59,79,40,98,1945,1925,0,0.15,1.51,IND
6/6/2015,69,61,76,60,79,39,96,1894,1933,0,0.15,2.62,IND
6/7/2015,75,62,88,60,80,41,98,1894,1933,0,0.14,3.8,IND
6/8/2015,70,60,79,60,80,44,95,1913,1933,1.9,0.15,2.14,IND
6/9/2015,70,58,82,60,80,41,94,1885,1914,0,0.14,2.11,IND
6/10/2015,78,65,90,61,81,44,96,1988,1933,0,0.14,2.21,IND
6/11/2015,80,69,90,61,81,41,96,1980,1933,0,0.14,2.9,IND
6/12/2015,81,72,89,61,81,42,96,1903,1894,0.21,0.13,3.04,IND
6/13/2015,80,71,88,62,82,45,95,1903,1894,0,0.14,2.2,IND
6/14/2015,78,70,86,62,82,45,94,1955,1954,0.13,0.14,2.12,IND
6/15/2015,79,70,88,62,82,45,94,1917,1952,0.54,0.13,1.82,IND
6/16/2015,78,71,84,63,82,41,96,1917,1913,0.5,0.13,1.98,IND
6/17/2015,76,72,79,63,83,46,95,1980,1913,0.75,0.14,1.73,IND
6/18/2015,77,68,86,63,83,45,96,1960,1962,0.67,0.14,2.05,IND
6/19/2015,73,68,78,63,83,48,97,1980,1953,0.67,0.14,1.75,IND
6/20/2015,75,70,79,64,83,44,100,1980,1953,0,0.14,2.03,IND
6/21/2015,75,65,84,64,84,41,98,1992,1988,0.27,0.14,1.95,IND
6/22/2015,78,69,86,64,84,37,99,1992,1988,0,0.15,1.92,IND
6/23/2015,76,68,83,64,84,44,96,1918,1930,0,0.14,2.81,IND
6/24/2015,71,62,80,64,84,49,98,1887,1933,0,0.15,0.92,IND
6/25/2015,75,66,83,65,84,46,102,1972,1988,0.85,0.15,3.73,IND
6/26/2015,71,66,76,65,85,49,102,1979,1954,1.57,0.14,3.09,IND
6/27/2015,66,60,72,65,85,48,100,1926,1934,0,0.14,2.79,IND
6/28/2015,67,55,78,65,85,50,104,1950,2012,0.09,0.15,1.65,IND
6/29/2015,70,63,77,65,85,48,103,1923,2012,0.21,0.14,1.63,IND
6/30/2015,73,64,82,65,85,46,97,1943,1933,0,0.14,1.5,IND
